VTX,IDX,Position[0],Position[1],Position[2],Position[3],Diffuse,Normal,TexCoord0[0],TexCoord0[1]
0,0,756.000,11937.000,-401.000,4.000,"D3DCOLOR_ARGB(0xff,0xff,0xff,0xff)",0.714,0.758,0.058
1,1,386.000,12145.000,-555.000,4.000,"D3DCOLOR_ARGB(0xff,0xff,0xff,0xff)",0.741,0.869,0.001
2,2,748.000,11800.000,-689.000,4.000,"D3DCOLOR_ARGB(0xff,0xff,0xff,0xff)",0.725,0.761,0.095
3,3,358.000,11961.000,-752.000,4.000,"D3DCOLOR_ARGB(0xff,0xff,0xff,0xff)",0.675,0.878,0.051
4,2,748.000,11800.000,-689.000,4.000,"D3DCOLOR_ARGB(0xff,0xff,0xff,0xff)",0.725,0.761,0.095
5,1,386.000,12145.000,-555.000,4.000,"D3DCOLOR_ARGB(0xff,0xff,0xff,0xff)",0.741,0.869,0.001
6,4,615.000,10343.000,-1794.000,4.000,"D3DCOLOR_ARGB(0xff,0xff,0xff,0xff)",0.600,0.801,0.495
7,5,966.000,10336.000,-1509.000,4.000,"D3DCOLOR_ARGB(0xff,0xff,0xff,0xff)",0.875,0.717,0.478
8,6,673.000,10776.000,-1849.000,4.000,"D3DCOLOR_ARGB(0xff,0xff,0xff,0xff)",0.643,0.783,0.376
9,6,673.000,10776.000,-1849.000,4.000,"D3DCOLOR_ARGB(0xff,0xff,0xff,0xff)",0.643,0.783,0.376
10,7,0.000,10775.000,-1745.000,4.000,"D3DCOLOR_ARGB(0xff,0xff,0xff,0xff)",0.502,0.986,0.376
11,8,0.000,10321.000,-1726.000,4.000,"D3DCOLOR_ARGB(0xff,0xff,0xff,0xff)",0.502,0.986,0.501
12,9,1043.000,10755.000,-1526.000,4.000,"D3DCOLOR_ARGB(0xff,0xff,0xff,0xff)",0.945,0.710,0.386
13,5,966.000,10336.000,-1509.000,4.000,"D3DCOLOR_ARGB(0xff,0xff,0xff,0xff)",0.875,0.717,0.478
14,10,1062.000,10633.000,-1137.000,4.000,"D3DCOLOR_ARGB(0xff,0xff,0xff,0xff)",0.996,0.666,0.415
15,11,743.000,11125.000,-1385.000,4.000,"D3DCOLOR_ARGB(0xff,0xff,0xff,0xff)",0.741,0.762,0.280
16,12,0.000,11161.000,-1359.000,4.000,"D3DCOLOR_ARGB(0xff,0xff,0xff,0xff)",0.502,0.986,0.271
17,7,0.000,10775.000,-1745.000,4.000,"D3DCOLOR_ARGB(0xff,0xff,0xff,0xff)",0.502,0.986,0.376
18,7,0.000,10775.000,-1745.000,4.000,"D3DCOLOR_ARGB(0xff,0xff,0xff,0xff)",0.502,0.986,0.376
19,6,673.000,10776.000,-1849.000,4.000,"D3DCOLOR_ARGB(0xff,0xff,0xff,0xff)",0.643,0.783,0.376
20,11,743.000,11125.000,-1385.000,4.000,"D3DCOLOR_ARGB(0xff,0xff,0xff,0xff)",0.741,0.762,0.280
21,10,1062.000,10633.000,-1137.000,4.000,"D3DCOLOR_ARGB(0xff,0xff,0xff,0xff)",0.996,0.666,0.415
22,13,957.000,10814.000,-1195.000,4.000,"D3DCOLOR_ARGB(0xff,0xff,0xff,0xff)",0.933,0.698,0.366
23,9,1043.000,10755.000,-1526.000,4.000,"D3DCOLOR_ARGB(0xff,0xff,0xff,0xff)",0.945,0.710,0.386
24,13,957.000,10814.000,-1195.000,4.000,"D3DCOLOR_ARGB(0xff,0xff,0xff,0xff)",0.933,0.698,0.366
25,10,1062.000,10633.000,-1137.000,4.000,"D3DCOLOR_ARGB(0xff,0xff,0xff,0xff)",0.996,0.666,0.415
26,14,1019.000,11057.000,-914.000,4.000,"D3DCOLOR_ARGB(0xff,0xff,0xff,0xff)",0.812,0.680,0.298
27,15,553.000,10134.000,-1379.000,4.000,"D3DCOLOR_ARGB(0xff,0xff,0xff,0xff)",0.725,0.796,0.596
28,16,850.000,10223.000,-1057.000,4.000,"D3DCOLOR_ARGB(0xff,0xff,0xff,0xff)",0.914,0.685,0.580
29,5,966.000,10336.000,-1509.000,4.000,"D3DCOLOR_ARGB(0xff,0xff,0xff,0xff)",0.875,0.717,0.478
30,5,966.000,10336.000,-1509.000,4.000,"D3DCOLOR_ARGB(0xff,0xff,0xff,0xff)",0.875,0.717,0.478
31,4,615.000,10343.000,-1794.000,4.000,"D3DCOLOR_ARGB(0xff,0xff,0xff,0xff)",0.600,0.801,0.495
32,15,553.000,10134.000,-1379.000,4.000,"D3DCOLOR_ARGB(0xff,0xff,0xff,0xff)",0.725,0.796,0.596
33,10,1062.000,10633.000,-1137.000,4.000,"D3DCOLOR_ARGB(0xff,0xff,0xff,0xff)",0.996,0.666,0.415
34,5,966.000,10336.000,-1509.000,4.000,"D3DCOLOR_ARGB(0xff,0xff,0xff,0xff)",0.875,0.717,0.478
35,16,850.000,10223.000,-1057.000,4.000,"D3DCOLOR_ARGB(0xff,0xff,0xff,0xff)",0.914,0.685,0.580
36,17,803.000,11514.000,-985.000,4.000,"D3DCOLOR_ARGB(0xff,0xff,0xff,0xff)",0.694,0.743,0.174
37,18,252.000,11762.000,-981.000,4.000,"D3DCOLOR_ARGB(0xff,0xff,0xff,0xff)",0.631,0.910,0.106
38,12,0.000,11161.000,-1359.000,4.000,"D3DCOLOR_ARGB(0xff,0xff,0xff,0xff)",0.502,0.986,0.271
39,14,1019.000,11057.000,-914.000,4.000,"D3DCOLOR_ARGB(0xff,0xff,0xff,0xff)",0.812,0.680,0.298
40,10,1062.000,10633.000,-1137.000,4.000,"D3DCOLOR_ARGB(0xff,0xff,0xff,0xff)",0.996,0.666,0.415
41,19,1041.000,10709.000,-882.000,4.000,"D3DCOLOR_ARGB(0xff,0xff,0xff,0xff)",0.996,0.596,0.393
42,10,1062.000,10633.000,-1137.000,4.000,"D3DCOLOR_ARGB(0xff,0xff,0xff,0xff)",0.996,0.666,0.415
43,16,850.000,10223.000,-1057.000,4.000,"D3DCOLOR_ARGB(0xff,0xff,0xff,0xff)",0.914,0.685,0.580
44,20,956.000,10304.000,-884.000,4.000,"D3DCOLOR_ARGB(0xff,0xff,0xff,0xff)",0.965,0.592,0.506
45,20,956.000,10304.000,-884.000,4.000,"D3DCOLOR_ARGB(0xff,0xff,0xff,0xff)",0.965,0.592,0.506
46,19,1041.000,10709.000,-882.000,4.000,"D3DCOLOR_ARGB(0xff,0xff,0xff,0xff)",0.996,0.596,0.393
47,10,1062.000,10633.000,-1137.000,4.000,"D3DCOLOR_ARGB(0xff,0xff,0xff,0xff)",0.996,0.666,0.415
48,18,252.000,11762.000,-981.000,4.000,"D3DCOLOR_ARGB(0xff,0xff,0xff,0xff)",0.631,0.910,0.106
49,21,0.000,11647.000,-1122.000,4.000,"D3DCOLOR_ARGB(0xff,0xff,0xff,0xff)",0.502,0.986,0.137
50,12,0.000,11161.000,-1359.000,4.000,"D3DCOLOR_ARGB(0xff,0xff,0xff,0xff)",0.502,0.986,0.271
51,22,352.000,9126.000,-1347.000,4.000,"D3DCOLOR_ARGB(0xff,0xff,0xff,0xff)",0.694,0.879,0.829
52,23,571.000,9213.000,-1212.000,4.000,"D3DCOLOR_ARGB(0xff,0xff,0xff,0xff)",0.871,0.763,0.824
53,24,604.000,9688.000,-1227.000,4.000,"D3DCOLOR_ARGB(0xff,0xff,0xff,0xff)",0.859,0.759,0.718
54,16,850.000,10223.000,-1057.000,4.000,"D3DCOLOR_ARGB(0xff,0xff,0xff,0xff)",0.914,0.685,0.580
55,15,553.000,10134.000,-1379.000,4.000,"D3DCOLOR_ARGB(0xff,0xff,0xff,0xff)",0.725,0.796,0.596
56,24,604.000,9688.000,-1227.000,4.000,"D3DCOLOR_ARGB(0xff,0xff,0xff,0xff)",0.859,0.759,0.718
57,12,0.000,11161.000,-1359.000,4.000,"D3DCOLOR_ARGB(0xff,0xff,0xff,0xff)",0.502,0.986,0.271
58,11,743.000,11125.000,-1385.000,4.000,"D3DCOLOR_ARGB(0xff,0xff,0xff,0xff)",0.741,0.762,0.280
59,17,803.000,11514.000,-985.000,4.000,"D3DCOLOR_ARGB(0xff,0xff,0xff,0xff)",0.694,0.743,0.174
60,25,1115.000,11409.000,-875.000,4.000,"D3DCOLOR_ARGB(0xff,0xff,0xff,0xff)",0.624,0.651,0.202
61,26,1088.000,11622.000,-644.000,4.000,"D3DCOLOR_ARGB(0xff,0xff,0xff,0xff)",0.667,0.658,0.145
62,17,803.000,11514.000,-985.000,4.000,"D3DCOLOR_ARGB(0xff,0xff,0xff,0xff)",0.694,0.743,0.174
63,25,1115.000,11409.000,-875.000,4.000,"D3DCOLOR_ARGB(0xff,0xff,0xff,0xff)",0.624,0.651,0.202
64,27,1342.000,11471.000,-749.000,4.000,"D3DCOLOR_ARGB(0xff,0xff,0xff,0xff)",0.718,0.583,0.185
65,26,1088.000,11622.000,-644.000,4.000,"D3DCOLOR_ARGB(0xff,0xff,0xff,0xff)",0.667,0.658,0.145
66,27,1342.000,11471.000,-749.000,4.000,"D3DCOLOR_ARGB(0xff,0xff,0xff,0xff)",0.718,0.583,0.185
67,25,1115.000,11409.000,-875.000,4.000,"D3DCOLOR_ARGB(0xff,0xff,0xff,0xff)",0.624,0.651,0.202
68,28,1237.000,11272.000,-909.000,4.000,"D3DCOLOR_ARGB(0xff,0xff,0xff,0xff)",0.678,0.614,0.239
69,25,1115.000,11409.000,-875.000,4.000,"D3DCOLOR_ARGB(0xff,0xff,0xff,0xff)",0.624,0.651,0.202
70,14,1019.000,11057.000,-914.000,4.000,"D3DCOLOR_ARGB(0xff,0xff,0xff,0xff)",0.812,0.680,0.298
71,28,1237.000,11272.000,-909.000,4.000,"D3DCOLOR_ARGB(0xff,0xff,0xff,0xff)",0.678,0.614,0.239
72,14,1019.000,11057.000,-914.000,4.000,"D3DCOLOR_ARGB(0xff,0xff,0xff,0xff)",0.812,0.680,0.298
73,25,1115.000,11409.000,-875.000,4.000,"D3DCOLOR_ARGB(0xff,0xff,0xff,0xff)",0.624,0.651,0.202
74,17,803.000,11514.000,-985.000,4.000,"D3DCOLOR_ARGB(0xff,0xff,0xff,0xff)",0.694,0.743,0.174
75,17,803.000,11514.000,-985.000,4.000,"D3DCOLOR_ARGB(0xff,0xff,0xff,0xff)",0.694,0.743,0.174
76,11,743.000,11125.000,-1385.000,4.000,"D3DCOLOR_ARGB(0xff,0xff,0xff,0xff)",0.741,0.762,0.280
77,14,1019.000,11057.000,-914.000,4.000,"D3DCOLOR_ARGB(0xff,0xff,0xff,0xff)",0.812,0.680,0.298
78,2,748.000,11800.000,-689.000,4.000,"D3DCOLOR_ARGB(0xff,0xff,0xff,0xff)",0.725,0.761,0.095
79,17,803.000,11514.000,-985.000,4.000,"D3DCOLOR_ARGB(0xff,0xff,0xff,0xff)",0.694,0.743,0.174
80,26,1088.000,11622.000,-644.000,4.000,"D3DCOLOR_ARGB(0xff,0xff,0xff,0xff)",0.667,0.658,0.145
81,27,1342.000,11471.000,-749.000,4.000,"D3DCOLOR_ARGB(0xff,0xff,0xff,0xff)",0.718,0.583,0.185
82,28,1237.000,11272.000,-909.000,4.000,"D3DCOLOR_ARGB(0xff,0xff,0xff,0xff)",0.678,0.614,0.239
83,29,1306.000,10933.000,-812.000,4.000,"D3DCOLOR_ARGB(0xff,0xff,0xff,0xff)",0.667,0.579,0.321
84,30,1563.000,11176.000,-745.000,4.000,"D3DCOLOR_ARGB(0xff,0xff,0xff,0xff)",0.796,0.550,0.262
85,31,1688.000,11277.000,-404.000,4.000,"D3DCOLOR_ARGB(0xff,0xff,0xff,0xff)",0.925,0.513,0.234
86,32,1505.000,11630.000,-435.000,4.000,"D3DCOLOR_ARGB(0xff,0xff,0xff,0xff)",0.804,0.534,0.141
87,33,1089.000,10775.000,-590.000,4.000,"D3DCOLOR_ARGB(0xff,0xff,0xff,0xff)",0.898,0.586,0.364
88,34,1188.000,10691.000,-533.000,4.000,"D3DCOLOR_ARGB(0xff,0xff,0xff,0xff)",0.216,0.555,0.359
89,14,1019.000,11057.000,-914.000,4.000,"D3DCOLOR_ARGB(0xff,0xff,0xff,0xff)",0.812,0.680,0.298
90,29,1306.000,10933.000,-812.000,4.000,"D3DCOLOR_ARGB(0xff,0xff,0xff,0xff)",0.667,0.579,0.321
91,14,1019.000,11057.000,-914.000,4.000,"D3DCOLOR_ARGB(0xff,0xff,0xff,0xff)",0.812,0.680,0.298
92,34,1188.000,10691.000,-533.000,4.000,"D3DCOLOR_ARGB(0xff,0xff,0xff,0xff)",0.216,0.555,0.359
93,28,1237.000,11272.000,-909.000,4.000,"D3DCOLOR_ARGB(0xff,0xff,0xff,0xff)",0.678,0.614,0.239
94,14,1019.000,11057.000,-914.000,4.000,"D3DCOLOR_ARGB(0xff,0xff,0xff,0xff)",0.812,0.680,0.298
95,29,1306.000,10933.000,-812.000,4.000,"D3DCOLOR_ARGB(0xff,0xff,0xff,0xff)",0.667,0.579,0.321
96,17,803.000,11514.000,-985.000,4.000,"D3DCOLOR_ARGB(0xff,0xff,0xff,0xff)",0.694,0.743,0.174
97,2,748.000,11800.000,-689.000,4.000,"D3DCOLOR_ARGB(0xff,0xff,0xff,0xff)",0.725,0.761,0.095
98,3,358.000,11961.000,-752.000,4.000,"D3DCOLOR_ARGB(0xff,0xff,0xff,0xff)",0.675,0.878,0.051
99,3,358.000,11961.000,-752.000,4.000,"D3DCOLOR_ARGB(0xff,0xff,0xff,0xff)",0.675,0.878,0.051
100,18,252.000,11762.000,-981.000,4.000,"D3DCOLOR_ARGB(0xff,0xff,0xff,0xff)",0.631,0.910,0.106
101,17,803.000,11514.000,-985.000,4.000,"D3DCOLOR_ARGB(0xff,0xff,0xff,0xff)",0.694,0.743,0.174
102,35,1096.000,11767.000,-349.000,4.000,"D3DCOLOR_ARGB(0xff,0xff,0xff,0xff)",0.706,0.655,0.106
103,26,1088.000,11622.000,-644.000,4.000,"D3DCOLOR_ARGB(0xff,0xff,0xff,0xff)",0.667,0.658,0.145
104,32,1505.000,11630.000,-435.000,4.000,"D3DCOLOR_ARGB(0xff,0xff,0xff,0xff)",0.804,0.534,0.141
105,2,748.000,11800.000,-689.000,4.000,"D3DCOLOR_ARGB(0xff,0xff,0xff,0xff)",0.725,0.761,0.095
106,26,1088.000,11622.000,-644.000,4.000,"D3DCOLOR_ARGB(0xff,0xff,0xff,0xff)",0.667,0.658,0.145
107,35,1096.000,11767.000,-349.000,4.000,"D3DCOLOR_ARGB(0xff,0xff,0xff,0xff)",0.706,0.655,0.106
108,23,571.000,9213.000,-1212.000,4.000,"D3DCOLOR_ARGB(0xff,0xff,0xff,0xff)",0.871,0.763,0.824
109,36,791.000,9420.000,-815.000,4.000,"D3DCOLOR_ARGB(0xff,0xff,0xff,0xff)",0.988,0.608,0.802
110,37,799.000,9773.000,-787.000,4.000,"D3DCOLOR_ARGB(0xff,0xff,0xff,0xff)",0.980,0.617,0.683
111,20,956.000,10304.000,-884.000,4.000,"D3DCOLOR_ARGB(0xff,0xff,0xff,0xff)",0.965,0.592,0.506
112,16,850.000,10223.000,-1057.000,4.000,"D3DCOLOR_ARGB(0xff,0xff,0xff,0xff)",0.914,0.685,0.580
113,37,799.000,9773.000,-787.000,4.000,"D3DCOLOR_ARGB(0xff,0xff,0xff,0xff)",0.980,0.617,0.683
114,23,571.000,9213.000,-1212.000,4.000,"D3DCOLOR_ARGB(0xff,0xff,0xff,0xff)",0.871,0.763,0.824
115,37,799.000,9773.000,-787.000,4.000,"D3DCOLOR_ARGB(0xff,0xff,0xff,0xff)",0.980,0.617,0.683
116,24,604.000,9688.000,-1227.000,4.000,"D3DCOLOR_ARGB(0xff,0xff,0xff,0xff)",0.859,0.759,0.718
117,24,604.000,9688.000,-1227.000,4.000,"D3DCOLOR_ARGB(0xff,0xff,0xff,0xff)",0.859,0.759,0.718
118,37,799.000,9773.000,-787.000,4.000,"D3DCOLOR_ARGB(0xff,0xff,0xff,0xff)",0.980,0.617,0.683
119,16,850.000,10223.000,-1057.000,4.000,"D3DCOLOR_ARGB(0xff,0xff,0xff,0xff)",0.914,0.685,0.580
120,38,0.000,9063.000,-1408.000,4.000,"D3DCOLOR_ARGB(0xff,0xff,0xff,0xff)",0.502,0.986,0.846
121,39,334.000,9639.000,-1429.000,4.000,"D3DCOLOR_ARGB(0xff,0xff,0xff,0xff)",0.671,0.885,0.715
122,40,0.000,9616.000,-1470.000,4.000,"D3DCOLOR_ARGB(0xff,0xff,0xff,0xff)",0.502,0.986,0.713
123,41,0.000,9908.000,-1557.000,4.000,"D3DCOLOR_ARGB(0xff,0xff,0xff,0xff)",0.502,0.986,0.614
124,42,306.000,9846.000,-1466.000,4.000,"D3DCOLOR_ARGB(0xff,0xff,0xff,0xff)",0.682,0.893,0.658
125,15,553.000,10134.000,-1379.000,4.000,"D3DCOLOR_ARGB(0xff,0xff,0xff,0xff)",0.725,0.796,0.596
126,8,0.000,10321.000,-1726.000,4.000,"D3DCOLOR_ARGB(0xff,0xff,0xff,0xff)",0.502,0.986,0.501
127,4,615.000,10343.000,-1794.000,4.000,"D3DCOLOR_ARGB(0xff,0xff,0xff,0xff)",0.600,0.801,0.495
128,6,673.000,10776.000,-1849.000,4.000,"D3DCOLOR_ARGB(0xff,0xff,0xff,0xff)",0.643,0.783,0.376
129,4,615.000,10343.000,-1794.000,4.000,"D3DCOLOR_ARGB(0xff,0xff,0xff,0xff)",0.600,0.801,0.495
130,8,0.000,10321.000,-1726.000,4.000,"D3DCOLOR_ARGB(0xff,0xff,0xff,0xff)",0.502,0.986,0.501
131,43,0.000,10148.000,-1533.000,4.000,"D3DCOLOR_ARGB(0xff,0xff,0xff,0xff)",0.502,0.986,0.548
132,43,0.000,10148.000,-1533.000,4.000,"D3DCOLOR_ARGB(0xff,0xff,0xff,0xff)",0.502,0.986,0.548
133,15,553.000,10134.000,-1379.000,4.000,"D3DCOLOR_ARGB(0xff,0xff,0xff,0xff)",0.725,0.796,0.596
134,4,615.000,10343.000,-1794.000,4.000,"D3DCOLOR_ARGB(0xff,0xff,0xff,0xff)",0.600,0.801,0.495
135,15,553.000,10134.000,-1379.000,4.000,"D3DCOLOR_ARGB(0xff,0xff,0xff,0xff)",0.725,0.796,0.596
136,43,0.000,10148.000,-1533.000,4.000,"D3DCOLOR_ARGB(0xff,0xff,0xff,0xff)",0.502,0.986,0.548
137,41,0.000,9908.000,-1557.000,4.000,"D3DCOLOR_ARGB(0xff,0xff,0xff,0xff)",0.502,0.986,0.614
138,6,673.000,10776.000,-1849.000,4.000,"D3DCOLOR_ARGB(0xff,0xff,0xff,0xff)",0.643,0.783,0.376
139,9,1043.000,10755.000,-1526.000,4.000,"D3DCOLOR_ARGB(0xff,0xff,0xff,0xff)",0.945,0.710,0.386
140,11,743.000,11125.000,-1385.000,4.000,"D3DCOLOR_ARGB(0xff,0xff,0xff,0xff)",0.741,0.762,0.280
141,6,673.000,10776.000,-1849.000,4.000,"D3DCOLOR_ARGB(0xff,0xff,0xff,0xff)",0.643,0.783,0.376
142,5,966.000,10336.000,-1509.000,4.000,"D3DCOLOR_ARGB(0xff,0xff,0xff,0xff)",0.875,0.717,0.478
143,9,1043.000,10755.000,-1526.000,4.000,"D3DCOLOR_ARGB(0xff,0xff,0xff,0xff)",0.945,0.710,0.386
144,2,748.000,11800.000,-689.000,4.000,"D3DCOLOR_ARGB(0xff,0xff,0xff,0xff)",0.725,0.761,0.095
145,35,1096.000,11767.000,-349.000,4.000,"D3DCOLOR_ARGB(0xff,0xff,0xff,0xff)",0.706,0.655,0.106
146,0,756.000,11937.000,-401.000,4.000,"D3DCOLOR_ARGB(0xff,0xff,0xff,0xff)",0.714,0.758,0.058
147,23,571.000,9213.000,-1212.000,4.000,"D3DCOLOR_ARGB(0xff,0xff,0xff,0xff)",0.871,0.763,0.824
148,44,1109.000,8778.000,-759.000,4.000,"D3DCOLOR_ARGB(0xff,0xff,0xff,0xff)",0.929,0.597,0.922
149,36,791.000,9420.000,-815.000,4.000,"D3DCOLOR_ARGB(0xff,0xff,0xff,0xff)",0.988,0.608,0.802
150,45,810.000,8666.000,-1324.000,4.000,"D3DCOLOR_ARGB(0xff,0xff,0xff,0xff)",0.702,0.725,0.955
151,44,1109.000,8778.000,-759.000,4.000,"D3DCOLOR_ARGB(0xff,0xff,0xff,0xff)",0.929,0.597,0.922
152,23,571.000,9213.000,-1212.000,4.000,"D3DCOLOR_ARGB(0xff,0xff,0xff,0xff)",0.871,0.763,0.824
153,22,352.000,9126.000,-1347.000,4.000,"D3DCOLOR_ARGB(0xff,0xff,0xff,0xff)",0.694,0.879,0.829
154,38,0.000,9063.000,-1408.000,4.000,"D3DCOLOR_ARGB(0xff,0xff,0xff,0xff)",0.502,0.986,0.846
155,45,810.000,8666.000,-1324.000,4.000,"D3DCOLOR_ARGB(0xff,0xff,0xff,0xff)",0.702,0.725,0.955
156,38,0.000,9063.000,-1408.000,4.000,"D3DCOLOR_ARGB(0xff,0xff,0xff,0xff)",0.502,0.986,0.846
157,46,307.000,8549.000,-1483.000,4.000,"D3DCOLOR_ARGB(0xff,0xff,0xff,0xff)",0.596,0.893,0.987
158,45,810.000,8666.000,-1324.000,4.000,"D3DCOLOR_ARGB(0xff,0xff,0xff,0xff)",0.702,0.725,0.955
159,47,0.000,8504.000,-1543.000,4.000,"D3DCOLOR_ARGB(0xff,0xff,0xff,0xff)",0.502,0.986,1.000
160,46,307.000,8549.000,-1483.000,4.000,"D3DCOLOR_ARGB(0xff,0xff,0xff,0xff)",0.596,0.893,0.987
161,38,0.000,9063.000,-1408.000,4.000,"D3DCOLOR_ARGB(0xff,0xff,0xff,0xff)",0.502,0.986,0.846
162,32,1505.000,11630.000,-435.000,4.000,"D3DCOLOR_ARGB(0xff,0xff,0xff,0xff)",0.804,0.534,0.141
163,26,1088.000,11622.000,-644.000,4.000,"D3DCOLOR_ARGB(0xff,0xff,0xff,0xff)",0.667,0.658,0.145
164,27,1342.000,11471.000,-749.000,4.000,"D3DCOLOR_ARGB(0xff,0xff,0xff,0xff)",0.718,0.583,0.185
165,30,1563.000,11176.000,-745.000,4.000,"D3DCOLOR_ARGB(0xff,0xff,0xff,0xff)",0.796,0.550,0.262
166,27,1342.000,11471.000,-749.000,4.000,"D3DCOLOR_ARGB(0xff,0xff,0xff,0xff)",0.718,0.583,0.185
167,29,1306.000,10933.000,-812.000,4.000,"D3DCOLOR_ARGB(0xff,0xff,0xff,0xff)",0.667,0.579,0.321
168,32,1505.000,11630.000,-435.000,4.000,"D3DCOLOR_ARGB(0xff,0xff,0xff,0xff)",0.804,0.534,0.141
169,27,1342.000,11471.000,-749.000,4.000,"D3DCOLOR_ARGB(0xff,0xff,0xff,0xff)",0.718,0.583,0.185
170,30,1563.000,11176.000,-745.000,4.000,"D3DCOLOR_ARGB(0xff,0xff,0xff,0xff)",0.796,0.550,0.262
171,48,0.000,10692.000,65.000,4.000,"D3DCOLOR_ARGB(0xff,0xff,0xff,0xff)",0.502,0.005,0.373
172,49,0.000,11134.000,52.000,4.000,"D3DCOLOR_ARGB(0xff,0xff,0xff,0xff)",0.502,0.005,0.261
173,50,755.000,10753.000,70.000,4.000,"D3DCOLOR_ARGB(0xff,0xff,0xff,0xff)",0.682,0.221,0.346
174,51,685.000,11133.000,97.000,4.000,"D3DCOLOR_ARGB(0xff,0xff,0xff,0xff)",0.631,0.206,0.239
175,50,755.000,10753.000,70.000,4.000,"D3DCOLOR_ARGB(0xff,0xff,0xff,0xff)",0.682,0.221,0.346
176,49,0.000,11134.000,52.000,4.000,"D3DCOLOR_ARGB(0xff,0xff,0xff,0xff)",0.502,0.005,0.261
177,52,237.000,11736.000,9.000,4.000,"D3DCOLOR_ARGB(0xff,0xff,0xff,0xff)",0.541,0.055,0.166
178,49,0.000,11134.000,52.000,4.000,"D3DCOLOR_ARGB(0xff,0xff,0xff,0xff)",0.502,0.005,0.261
179,53,0.000,11750.000,-4.000,4.000,"D3DCOLOR_ARGB(0xff,0xff,0xff,0xff)",0.498,0.005,0.162
180,51,685.000,11133.000,97.000,4.000,"D3DCOLOR_ARGB(0xff,0xff,0xff,0xff)",0.631,0.206,0.239
181,49,0.000,11134.000,52.000,4.000,"D3DCOLOR_ARGB(0xff,0xff,0xff,0xff)",0.502,0.005,0.261
182,54,687.000,11695.000,-21.000,4.000,"D3DCOLOR_ARGB(0xff,0xff,0xff,0xff)",0.612,0.196,0.177
183,52,237.000,11736.000,9.000,4.000,"D3DCOLOR_ARGB(0xff,0xff,0xff,0xff)",0.541,0.055,0.166
184,54,687.000,11695.000,-21.000,4.000,"D3DCOLOR_ARGB(0xff,0xff,0xff,0xff)",0.612,0.196,0.177
185,49,0.000,11134.000,52.000,4.000,"D3DCOLOR_ARGB(0xff,0xff,0xff,0xff)",0.502,0.005,0.261
186,50,755.000,10753.000,70.000,4.000,"D3DCOLOR_ARGB(0xff,0xff,0xff,0xff)",0.682,0.221,0.346
187,51,685.000,11133.000,97.000,4.000,"D3DCOLOR_ARGB(0xff,0xff,0xff,0xff)",0.631,0.206,0.239
188,55,1013.000,11068.000,-119.000,4.000,"D3DCOLOR_ARGB(0xff,0xff,0xff,0xff)",0.463,0.307,0.238
189,56,700.000,10312.000,-147.000,4.000,"D3DCOLOR_ARGB(0xff,0xff,0xff,0xff)",0.812,0.228,0.524
190,50,755.000,10753.000,70.000,4.000,"D3DCOLOR_ARGB(0xff,0xff,0xff,0xff)",0.682,0.221,0.346
191,57,1089.000,10775.000,-590.000,4.000,"D3DCOLOR_ARGB(0xff,0xff,0xff,0xff)",0.898,0.401,0.325
192,58,0.000,10205.000,-135.000,4.000,"D3DCOLOR_ARGB(0xff,0xff,0xff,0xff)",0.502,0.005,0.551
193,48,0.000,10692.000,65.000,4.000,"D3DCOLOR_ARGB(0xff,0xff,0xff,0xff)",0.502,0.005,0.373
194,50,755.000,10753.000,70.000,4.000,"D3DCOLOR_ARGB(0xff,0xff,0xff,0xff)",0.682,0.221,0.346
195,58,0.000,10205.000,-135.000,4.000,"D3DCOLOR_ARGB(0xff,0xff,0xff,0xff)",0.502,0.005,0.551
196,50,755.000,10753.000,70.000,4.000,"D3DCOLOR_ARGB(0xff,0xff,0xff,0xff)",0.682,0.221,0.346
197,56,700.000,10312.000,-147.000,4.000,"D3DCOLOR_ARGB(0xff,0xff,0xff,0xff)",0.812,0.228,0.524
198,50,755.000,10753.000,70.000,4.000,"D3DCOLOR_ARGB(0xff,0xff,0xff,0xff)",0.682,0.221,0.346
199,55,1013.000,11068.000,-119.000,4.000,"D3DCOLOR_ARGB(0xff,0xff,0xff,0xff)",0.463,0.307,0.238
200,57,1089.000,10775.000,-590.000,4.000,"D3DCOLOR_ARGB(0xff,0xff,0xff,0xff)",0.898,0.401,0.325
201,56,700.000,10312.000,-147.000,4.000,"D3DCOLOR_ARGB(0xff,0xff,0xff,0xff)",0.812,0.228,0.524
202,57,1089.000,10775.000,-590.000,4.000,"D3DCOLOR_ARGB(0xff,0xff,0xff,0xff)",0.898,0.401,0.325
203,59,1015.000,10378.000,-656.000,4.000,"D3DCOLOR_ARGB(0xff,0xff,0xff,0xff)",0.976,0.386,0.510
204,60,419.000,9344.000,-322.000,4.000,"D3DCOLOR_ARGB(0xff,0xff,0xff,0xff)",0.749,0.198,0.833
205,61,0.000,9345.000,-217.000,4.000,"D3DCOLOR_ARGB(0xff,0xff,0xff,0xff)",0.502,0.005,0.832
206,62,0.000,9764.000,-282.000,4.000,"D3DCOLOR_ARGB(0xff,0xff,0xff,0xff)",0.502,0.005,0.749
207,58,0.000,10205.000,-135.000,4.000,"D3DCOLOR_ARGB(0xff,0xff,0xff,0xff)",0.502,0.005,0.551
208,56,700.000,10312.000,-147.000,4.000,"D3DCOLOR_ARGB(0xff,0xff,0xff,0xff)",0.812,0.228,0.524
209,63,527.000,9791.000,-327.000,4.000,"D3DCOLOR_ARGB(0xff,0xff,0xff,0xff)",0.749,0.204,0.742
210,64,791.000,9420.000,-815.000,4.000,"D3DCOLOR_ARGB(0xff,0xff,0xff,0xff)",0.988,0.344,0.844
211,60,419.000,9344.000,-322.000,4.000,"D3DCOLOR_ARGB(0xff,0xff,0xff,0xff)",0.749,0.198,0.833
212,63,527.000,9791.000,-327.000,4.000,"D3DCOLOR_ARGB(0xff,0xff,0xff,0xff)",0.749,0.204,0.742
213,56,700.000,10312.000,-147.000,4.000,"D3DCOLOR_ARGB(0xff,0xff,0xff,0xff)",0.812,0.228,0.524
214,65,799.000,9773.000,-787.000,4.000,"D3DCOLOR_ARGB(0xff,0xff,0xff,0xff)",0.980,0.344,0.701
215,63,527.000,9791.000,-327.000,4.000,"D3DCOLOR_ARGB(0xff,0xff,0xff,0xff)",0.749,0.204,0.742
216,66,1505.000,11630.000,-435.000,4.000,"D3DCOLOR_ARGB(0xff,0xff,0xff,0xff)",0.804,0.424,0.120
217,67,1251.000,11356.000,51.000,4.000,"D3DCOLOR_ARGB(0xff,0xff,0xff,0xff)",0.635,0.413,0.186
218,68,980.000,11601.000,-63.000,4.000,"D3DCOLOR_ARGB(0xff,0xff,0xff,0xff)",0.600,0.323,0.131
219,67,1251.000,11356.000,51.000,4.000,"D3DCOLOR_ARGB(0xff,0xff,0xff,0xff)",0.635,0.413,0.186
220,66,1505.000,11630.000,-435.000,4.000,"D3DCOLOR_ARGB(0xff,0xff,0xff,0xff)",0.804,0.424,0.120
221,69,1688.000,11277.000,-404.000,4.000,"D3DCOLOR_ARGB(0xff,0xff,0xff,0xff)",0.925,0.521,0.215
222,70,1457.000,10979.000,-24.000,4.000,"D3DCOLOR_ARGB(0xff,0xff,0xff,0xff)",0.545,0.469,0.270
223,71,1212.000,10744.000,-131.000,4.000,"D3DCOLOR_ARGB(0xff,0xff,0xff,0xff)",0.180,0.419,0.299
224,55,1013.000,11068.000,-119.000,4.000,"D3DCOLOR_ARGB(0xff,0xff,0xff,0xff)",0.463,0.307,0.238
225,72,1188.000,10691.000,-533.000,4.000,"D3DCOLOR_ARGB(0xff,0xff,0xff,0xff)",0.216,0.414,0.316
226,57,1089.000,10775.000,-590.000,4.000,"D3DCOLOR_ARGB(0xff,0xff,0xff,0xff)",0.898,0.401,0.325
227,55,1013.000,11068.000,-119.000,4.000,"D3DCOLOR_ARGB(0xff,0xff,0xff,0xff)",0.463,0.307,0.238
228,55,1013.000,11068.000,-119.000,4.000,"D3DCOLOR_ARGB(0xff,0xff,0xff,0xff)",0.463,0.307,0.238
229,71,1212.000,10744.000,-131.000,4.000,"D3DCOLOR_ARGB(0xff,0xff,0xff,0xff)",0.180,0.419,0.299
230,72,1188.000,10691.000,-533.000,4.000,"D3DCOLOR_ARGB(0xff,0xff,0xff,0xff)",0.216,0.414,0.316
231,55,1013.000,11068.000,-119.000,4.000,"D3DCOLOR_ARGB(0xff,0xff,0xff,0xff)",0.463,0.307,0.238
232,51,685.000,11133.000,97.000,4.000,"D3DCOLOR_ARGB(0xff,0xff,0xff,0xff)",0.631,0.206,0.239
233,54,687.000,11695.000,-21.000,4.000,"D3DCOLOR_ARGB(0xff,0xff,0xff,0xff)",0.612,0.196,0.177
234,54,687.000,11695.000,-21.000,4.000,"D3DCOLOR_ARGB(0xff,0xff,0xff,0xff)",0.612,0.196,0.177
235,68,980.000,11601.000,-63.000,4.000,"D3DCOLOR_ARGB(0xff,0xff,0xff,0xff)",0.600,0.323,0.131
236,55,1013.000,11068.000,-119.000,4.000,"D3DCOLOR_ARGB(0xff,0xff,0xff,0xff)",0.463,0.307,0.238
237,68,980.000,11601.000,-63.000,4.000,"D3DCOLOR_ARGB(0xff,0xff,0xff,0xff)",0.600,0.323,0.131
238,54,687.000,11695.000,-21.000,4.000,"D3DCOLOR_ARGB(0xff,0xff,0xff,0xff)",0.612,0.196,0.177
239,73,756.000,11937.000,-401.000,4.000,"D3DCOLOR_ARGB(0xff,0xff,0xff,0xff)",0.714,0.292,0.067
240,67,1251.000,11356.000,51.000,4.000,"D3DCOLOR_ARGB(0xff,0xff,0xff,0xff)",0.635,0.413,0.186
241,55,1013.000,11068.000,-119.000,4.000,"D3DCOLOR_ARGB(0xff,0xff,0xff,0xff)",0.463,0.307,0.238
242,68,980.000,11601.000,-63.000,4.000,"D3DCOLOR_ARGB(0xff,0xff,0xff,0xff)",0.600,0.323,0.131
243,70,1457.000,10979.000,-24.000,4.000,"D3DCOLOR_ARGB(0xff,0xff,0xff,0xff)",0.545,0.469,0.270
244,67,1251.000,11356.000,51.000,4.000,"D3DCOLOR_ARGB(0xff,0xff,0xff,0xff)",0.635,0.413,0.186
245,69,1688.000,11277.000,-404.000,4.000,"D3DCOLOR_ARGB(0xff,0xff,0xff,0xff)",0.925,0.521,0.215
246,55,1013.000,11068.000,-119.000,4.000,"D3DCOLOR_ARGB(0xff,0xff,0xff,0xff)",0.463,0.307,0.238
247,67,1251.000,11356.000,51.000,4.000,"D3DCOLOR_ARGB(0xff,0xff,0xff,0xff)",0.635,0.413,0.186
248,70,1457.000,10979.000,-24.000,4.000,"D3DCOLOR_ARGB(0xff,0xff,0xff,0xff)",0.545,0.469,0.270
249,56,700.000,10312.000,-147.000,4.000,"D3DCOLOR_ARGB(0xff,0xff,0xff,0xff)",0.812,0.228,0.524
250,59,1015.000,10378.000,-656.000,4.000,"D3DCOLOR_ARGB(0xff,0xff,0xff,0xff)",0.976,0.386,0.510
251,65,799.000,9773.000,-787.000,4.000,"D3DCOLOR_ARGB(0xff,0xff,0xff,0xff)",0.980,0.344,0.701
252,63,527.000,9791.000,-327.000,4.000,"D3DCOLOR_ARGB(0xff,0xff,0xff,0xff)",0.749,0.204,0.742
253,65,799.000,9773.000,-787.000,4.000,"D3DCOLOR_ARGB(0xff,0xff,0xff,0xff)",0.980,0.344,0.701
254,64,791.000,9420.000,-815.000,4.000,"D3DCOLOR_ARGB(0xff,0xff,0xff,0xff)",0.988,0.344,0.844
255,58,0.000,10205.000,-135.000,4.000,"D3DCOLOR_ARGB(0xff,0xff,0xff,0xff)",0.502,0.005,0.551
256,63,527.000,9791.000,-327.000,4.000,"D3DCOLOR_ARGB(0xff,0xff,0xff,0xff)",0.749,0.204,0.742
257,62,0.000,9764.000,-282.000,4.000,"D3DCOLOR_ARGB(0xff,0xff,0xff,0xff)",0.502,0.005,0.749
258,62,0.000,9764.000,-282.000,4.000,"D3DCOLOR_ARGB(0xff,0xff,0xff,0xff)",0.502,0.005,0.749
259,63,527.000,9791.000,-327.000,4.000,"D3DCOLOR_ARGB(0xff,0xff,0xff,0xff)",0.749,0.204,0.742
260,60,419.000,9344.000,-322.000,4.000,"D3DCOLOR_ARGB(0xff,0xff,0xff,0xff)",0.749,0.198,0.833
261,68,980.000,11601.000,-63.000,4.000,"D3DCOLOR_ARGB(0xff,0xff,0xff,0xff)",0.600,0.323,0.131
262,74,1096.000,11767.000,-349.000,4.000,"D3DCOLOR_ARGB(0xff,0xff,0xff,0xff)",0.706,0.352,0.089
263,66,1505.000,11630.000,-435.000,4.000,"D3DCOLOR_ARGB(0xff,0xff,0xff,0xff)",0.804,0.424,0.120
264,73,756.000,11937.000,-401.000,4.000,"D3DCOLOR_ARGB(0xff,0xff,0xff,0xff)",0.714,0.292,0.067
265,74,1096.000,11767.000,-349.000,4.000,"D3DCOLOR_ARGB(0xff,0xff,0xff,0xff)",0.706,0.352,0.089
266,68,980.000,11601.000,-63.000,4.000,"D3DCOLOR_ARGB(0xff,0xff,0xff,0xff)",0.600,0.323,0.131
267,75,247.000,12152.000,-416.000,4.000,"D3DCOLOR_ARGB(0xff,0xff,0xff,0xff)",0.631,0.133,0.033
268,52,237.000,11736.000,9.000,4.000,"D3DCOLOR_ARGB(0xff,0xff,0xff,0xff)",0.541,0.055,0.166
269,76,0.000,12165.000,-333.000,4.000,"D3DCOLOR_ARGB(0xff,0xff,0xff,0xff)",0.498,0.005,0.036
270,53,0.000,11750.000,-4.000,4.000,"D3DCOLOR_ARGB(0xff,0xff,0xff,0xff)",0.498,0.005,0.162
271,76,0.000,12165.000,-333.000,4.000,"D3DCOLOR_ARGB(0xff,0xff,0xff,0xff)",0.498,0.005,0.036
272,52,237.000,11736.000,9.000,4.000,"D3DCOLOR_ARGB(0xff,0xff,0xff,0xff)",0.541,0.055,0.166
273,73,756.000,11937.000,-401.000,4.000,"D3DCOLOR_ARGB(0xff,0xff,0xff,0xff)",0.714,0.292,0.067
274,54,687.000,11695.000,-21.000,4.000,"D3DCOLOR_ARGB(0xff,0xff,0xff,0xff)",0.612,0.196,0.177
275,75,247.000,12152.000,-416.000,4.000,"D3DCOLOR_ARGB(0xff,0xff,0xff,0xff)",0.631,0.133,0.033
276,52,237.000,11736.000,9.000,4.000,"D3DCOLOR_ARGB(0xff,0xff,0xff,0xff)",0.541,0.055,0.166
277,75,247.000,12152.000,-416.000,4.000,"D3DCOLOR_ARGB(0xff,0xff,0xff,0xff)",0.631,0.133,0.033
278,54,687.000,11695.000,-21.000,4.000,"D3DCOLOR_ARGB(0xff,0xff,0xff,0xff)",0.612,0.196,0.177
279,75,247.000,12152.000,-416.000,4.000,"D3DCOLOR_ARGB(0xff,0xff,0xff,0xff)",0.631,0.133,0.033
280,77,386.000,12145.000,-555.000,4.000,"D3DCOLOR_ARGB(0xff,0xff,0xff,0xff)",0.741,0.169,0.009
281,73,756.000,11937.000,-401.000,4.000,"D3DCOLOR_ARGB(0xff,0xff,0xff,0xff)",0.714,0.292,0.067
282,78,1109.000,8778.000,-759.000,4.000,"D3DCOLOR_ARGB(0xff,0xff,0xff,0xff)",0.929,0.418,0.956
283,60,419.000,9344.000,-322.000,4.000,"D3DCOLOR_ARGB(0xff,0xff,0xff,0xff)",0.749,0.198,0.833
284,64,791.000,9420.000,-815.000,4.000,"D3DCOLOR_ARGB(0xff,0xff,0xff,0xff)",0.988,0.344,0.844
285,13,957.000,10814.000,-1195.000,4.000,"D3DCOLOR_ARGB(0xff,0xff,0xff,0xff)",0.933,0.698,0.366
286,11,743.000,11125.000,-1385.000,4.000,"D3DCOLOR_ARGB(0xff,0xff,0xff,0xff)",0.741,0.762,0.280
287,9,1043.000,10755.000,-1526.000,4.000,"D3DCOLOR_ARGB(0xff,0xff,0xff,0xff)",0.945,0.710,0.386
288,11,743.000,11125.000,-1385.000,4.000,"D3DCOLOR_ARGB(0xff,0xff,0xff,0xff)",0.741,0.762,0.280
289,13,957.000,10814.000,-1195.000,4.000,"D3DCOLOR_ARGB(0xff,0xff,0xff,0xff)",0.933,0.698,0.366
290,14,1019.000,11057.000,-914.000,4.000,"D3DCOLOR_ARGB(0xff,0xff,0xff,0xff)",0.812,0.680,0.298
291,14,1019.000,11057.000,-914.000,4.000,"D3DCOLOR_ARGB(0xff,0xff,0xff,0xff)",0.812,0.680,0.298
292,19,1041.000,10709.000,-882.000,4.000,"D3DCOLOR_ARGB(0xff,0xff,0xff,0xff)",0.996,0.596,0.393
293,33,1089.000,10775.000,-590.000,4.000,"D3DCOLOR_ARGB(0xff,0xff,0xff,0xff)",0.898,0.586,0.364
294,79,1015.000,10378.000,-656.000,4.000,"D3DCOLOR_ARGB(0xff,0xff,0xff,0xff)",0.976,0.541,0.482
295,33,1089.000,10775.000,-590.000,4.000,"D3DCOLOR_ARGB(0xff,0xff,0xff,0xff)",0.898,0.586,0.364
296,19,1041.000,10709.000,-882.000,4.000,"D3DCOLOR_ARGB(0xff,0xff,0xff,0xff)",0.996,0.596,0.393
297,19,1041.000,10709.000,-882.000,4.000,"D3DCOLOR_ARGB(0xff,0xff,0xff,0xff)",0.996,0.596,0.393
298,20,956.000,10304.000,-884.000,4.000,"D3DCOLOR_ARGB(0xff,0xff,0xff,0xff)",0.965,0.592,0.506
299,79,1015.000,10378.000,-656.000,4.000,"D3DCOLOR_ARGB(0xff,0xff,0xff,0xff)",0.976,0.541,0.482
300,79,1015.000,10378.000,-656.000,4.000,"D3DCOLOR_ARGB(0xff,0xff,0xff,0xff)",0.976,0.541,0.482
301,20,956.000,10304.000,-884.000,4.000,"D3DCOLOR_ARGB(0xff,0xff,0xff,0xff)",0.965,0.592,0.506
302,37,799.000,9773.000,-787.000,4.000,"D3DCOLOR_ARGB(0xff,0xff,0xff,0xff)",0.980,0.617,0.683
303,42,306.000,9846.000,-1466.000,4.000,"D3DCOLOR_ARGB(0xff,0xff,0xff,0xff)",0.682,0.893,0.658
304,41,0.000,9908.000,-1557.000,4.000,"D3DCOLOR_ARGB(0xff,0xff,0xff,0xff)",0.502,0.986,0.614
305,40,0.000,9616.000,-1470.000,4.000,"D3DCOLOR_ARGB(0xff,0xff,0xff,0xff)",0.502,0.986,0.713
306,39,334.000,9639.000,-1429.000,4.000,"D3DCOLOR_ARGB(0xff,0xff,0xff,0xff)",0.671,0.885,0.715
307,42,306.000,9846.000,-1466.000,4.000,"D3DCOLOR_ARGB(0xff,0xff,0xff,0xff)",0.682,0.893,0.658
308,40,0.000,9616.000,-1470.000,4.000,"D3DCOLOR_ARGB(0xff,0xff,0xff,0xff)",0.502,0.986,0.713
309,42,306.000,9846.000,-1466.000,4.000,"D3DCOLOR_ARGB(0xff,0xff,0xff,0xff)",0.682,0.893,0.658
310,24,604.000,9688.000,-1227.000,4.000,"D3DCOLOR_ARGB(0xff,0xff,0xff,0xff)",0.859,0.759,0.718
311,15,553.000,10134.000,-1379.000,4.000,"D3DCOLOR_ARGB(0xff,0xff,0xff,0xff)",0.725,0.796,0.596
312,24,604.000,9688.000,-1227.000,4.000,"D3DCOLOR_ARGB(0xff,0xff,0xff,0xff)",0.859,0.759,0.718
313,42,306.000,9846.000,-1466.000,4.000,"D3DCOLOR_ARGB(0xff,0xff,0xff,0xff)",0.682,0.893,0.658
314,39,334.000,9639.000,-1429.000,4.000,"D3DCOLOR_ARGB(0xff,0xff,0xff,0xff)",0.671,0.885,0.715
315,38,0.000,9063.000,-1408.000,4.000,"D3DCOLOR_ARGB(0xff,0xff,0xff,0xff)",0.502,0.986,0.846
316,22,352.000,9126.000,-1347.000,4.000,"D3DCOLOR_ARGB(0xff,0xff,0xff,0xff)",0.694,0.879,0.829
317,39,334.000,9639.000,-1429.000,4.000,"D3DCOLOR_ARGB(0xff,0xff,0xff,0xff)",0.671,0.885,0.715
318,22,352.000,9126.000,-1347.000,4.000,"D3DCOLOR_ARGB(0xff,0xff,0xff,0xff)",0.694,0.879,0.829
319,24,604.000,9688.000,-1227.000,4.000,"D3DCOLOR_ARGB(0xff,0xff,0xff,0xff)",0.859,0.759,0.718
320,39,334.000,9639.000,-1429.000,4.000,"D3DCOLOR_ARGB(0xff,0xff,0xff,0xff)",0.671,0.885,0.715
321,23,571.000,9213.000,-1212.000,4.000,"D3DCOLOR_ARGB(0xff,0xff,0xff,0xff)",0.871,0.763,0.824
322,22,352.000,9126.000,-1347.000,4.000,"D3DCOLOR_ARGB(0xff,0xff,0xff,0xff)",0.694,0.879,0.829
323,45,810.000,8666.000,-1324.000,4.000,"D3DCOLOR_ARGB(0xff,0xff,0xff,0xff)",0.702,0.725,0.955
324,80,419.000,9344.000,-322.000,4.000,"D3DCOLOR_ARGB(0xff,0xff,0xff,0xff)",0.749,0.198,0.832
325,81,1109.000,8778.000,-759.000,4.000,"D3DCOLOR_ARGB(0xff,0xff,0xff,0xff)",0.929,0.418,0.956
326,82,614.000,8967.000,-126.000,4.000,"D3DCOLOR_ARGB(0xff,0xff,0xff,0xff)",0.780,0.213,0.892
327,82,614.000,8967.000,-126.000,4.000,"D3DCOLOR_ARGB(0xff,0xff,0xff,0xff)",0.780,0.213,0.892
328,83,416.000,8986.000,-37.000,4.000,"D3DCOLOR_ARGB(0xff,0xff,0xff,0xff)",0.588,0.165,0.907
329,80,419.000,9344.000,-322.000,4.000,"D3DCOLOR_ARGB(0xff,0xff,0xff,0xff)",0.749,0.198,0.832
330,84,0.000,9345.000,-217.000,4.000,"D3DCOLOR_ARGB(0xff,0xff,0xff,0xff)",0.502,0.004,0.832
331,80,419.000,9344.000,-322.000,4.000,"D3DCOLOR_ARGB(0xff,0xff,0xff,0xff)",0.749,0.198,0.832
332,83,416.000,8986.000,-37.000,4.000,"D3DCOLOR_ARGB(0xff,0xff,0xff,0xff)",0.588,0.165,0.907
333,83,416.000,8986.000,-37.000,4.000,"D3DCOLOR_ARGB(0xff,0xff,0xff,0xff)",0.588,0.165,0.907
334,85,0.000,8956.000,-54.000,4.000,"D3DCOLOR_ARGB(0xff,0xff,0xff,0xff)",0.502,0.003,0.928
335,84,0.000,9345.000,-217.000,4.000,"D3DCOLOR_ARGB(0xff,0xff,0xff,0xff)",0.502,0.004,0.832
336,86,-746.000,11800.000,-689.000,4.000,"D3DCOLOR_ARGB(0xff,0xff,0xff,0xff)",0.275,0.761,0.095
337,87,-385.000,12145.000,-555.000,4.000,"D3DCOLOR_ARGB(0xff,0xff,0xff,0xff)",0.259,0.870,0.001
338,88,-755.000,11937.000,-401.000,4.000,"D3DCOLOR_ARGB(0xff,0xff,0xff,0xff)",0.286,0.759,0.058
339,87,-385.000,12145.000,-555.000,4.000,"D3DCOLOR_ARGB(0xff,0xff,0xff,0xff)",0.259,0.870,0.001
340,86,-746.000,11800.000,-689.000,4.000,"D3DCOLOR_ARGB(0xff,0xff,0xff,0xff)",0.275,0.761,0.095
341,89,-357.000,11961.000,-752.000,4.000,"D3DCOLOR_ARGB(0xff,0xff,0xff,0xff)",0.325,0.878,0.051
342,90,-672.000,10776.000,-1849.000,4.000,"D3DCOLOR_ARGB(0xff,0xff,0xff,0xff)",0.357,0.784,0.376
343,91,-965.000,10336.000,-1509.000,4.000,"D3DCOLOR_ARGB(0xff,0xff,0xff,0xff)",0.125,0.718,0.478
344,92,-613.000,10343.000,-1794.000,4.000,"D3DCOLOR_ARGB(0xff,0xff,0xff,0xff)",0.400,0.801,0.495
345,8,0.000,10321.000,-1726.000,4.000,"D3DCOLOR_ARGB(0xff,0xff,0xff,0xff)",0.502,0.986,0.501
346,7,0.000,10775.000,-1745.000,4.000,"D3DCOLOR_ARGB(0xff,0xff,0xff,0xff)",0.502,0.986,0.376
347,90,-672.000,10776.000,-1849.000,4.000,"D3DCOLOR_ARGB(0xff,0xff,0xff,0xff)",0.357,0.784,0.376
348,93,-1060.000,10633.000,-1137.000,4.000,"D3DCOLOR_ARGB(0xff,0xff,0xff,0xff)",0.004,0.667,0.415
349,91,-965.000,10336.000,-1509.000,4.000,"D3DCOLOR_ARGB(0xff,0xff,0xff,0xff)",0.125,0.718,0.478
350,94,-1041.000,10755.000,-1526.000,4.000,"D3DCOLOR_ARGB(0xff,0xff,0xff,0xff)",0.055,0.711,0.386
351,7,0.000,10775.000,-1745.000,4.000,"D3DCOLOR_ARGB(0xff,0xff,0xff,0xff)",0.502,0.986,0.376
352,12,0.000,11161.000,-1359.000,4.000,"D3DCOLOR_ARGB(0xff,0xff,0xff,0xff)",0.502,0.986,0.271
353,95,-742.000,11125.000,-1385.000,4.000,"D3DCOLOR_ARGB(0xff,0xff,0xff,0xff)",0.259,0.763,0.280
354,95,-742.000,11125.000,-1385.000,4.000,"D3DCOLOR_ARGB(0xff,0xff,0xff,0xff)",0.259,0.763,0.280
355,90,-672.000,10776.000,-1849.000,4.000,"D3DCOLOR_ARGB(0xff,0xff,0xff,0xff)",0.357,0.784,0.376
356,7,0.000,10775.000,-1745.000,4.000,"D3DCOLOR_ARGB(0xff,0xff,0xff,0xff)",0.502,0.986,0.376
357,94,-1041.000,10755.000,-1526.000,4.000,"D3DCOLOR_ARGB(0xff,0xff,0xff,0xff)",0.055,0.711,0.386
358,96,-956.000,10814.000,-1195.000,4.000,"D3DCOLOR_ARGB(0xff,0xff,0xff,0xff)",0.067,0.698,0.366
359,93,-1060.000,10633.000,-1137.000,4.000,"D3DCOLOR_ARGB(0xff,0xff,0xff,0xff)",0.004,0.667,0.415
360,97,-1018.000,11057.000,-914.000,4.000,"D3DCOLOR_ARGB(0xff,0xff,0xff,0xff)",0.188,0.681,0.298
361,93,-1060.000,10633.000,-1137.000,4.000,"D3DCOLOR_ARGB(0xff,0xff,0xff,0xff)",0.004,0.667,0.415
362,96,-956.000,10814.000,-1195.000,4.000,"D3DCOLOR_ARGB(0xff,0xff,0xff,0xff)",0.067,0.698,0.366
363,91,-965.000,10336.000,-1509.000,4.000,"D3DCOLOR_ARGB(0xff,0xff,0xff,0xff)",0.125,0.718,0.478
364,98,-849.000,10223.000,-1057.000,4.000,"D3DCOLOR_ARGB(0xff,0xff,0xff,0xff)",0.086,0.685,0.580
365,99,-551.000,10134.000,-1379.000,4.000,"D3DCOLOR_ARGB(0xff,0xff,0xff,0xff)",0.275,0.797,0.596
366,99,-551.000,10134.000,-1379.000,4.000,"D3DCOLOR_ARGB(0xff,0xff,0xff,0xff)",0.275,0.797,0.596
367,92,-613.000,10343.000,-1794.000,4.000,"D3DCOLOR_ARGB(0xff,0xff,0xff,0xff)",0.400,0.801,0.495
368,91,-965.000,10336.000,-1509.000,4.000,"D3DCOLOR_ARGB(0xff,0xff,0xff,0xff)",0.125,0.718,0.478
369,98,-849.000,10223.000,-1057.000,4.000,"D3DCOLOR_ARGB(0xff,0xff,0xff,0xff)",0.086,0.685,0.580
370,91,-965.000,10336.000,-1509.000,4.000,"D3DCOLOR_ARGB(0xff,0xff,0xff,0xff)",0.125,0.718,0.478
371,93,-1060.000,10633.000,-1137.000,4.000,"D3DCOLOR_ARGB(0xff,0xff,0xff,0xff)",0.004,0.667,0.415
372,12,0.000,11161.000,-1359.000,4.000,"D3DCOLOR_ARGB(0xff,0xff,0xff,0xff)",0.502,0.986,0.271
373,100,-250.000,11762.000,-981.000,4.000,"D3DCOLOR_ARGB(0xff,0xff,0xff,0xff)",0.369,0.910,0.106
374,101,-802.000,11514.000,-985.000,4.000,"D3DCOLOR_ARGB(0xff,0xff,0xff,0xff)",0.306,0.744,0.174
375,102,-1040.000,10709.000,-882.000,4.000,"D3DCOLOR_ARGB(0xff,0xff,0xff,0xff)",0.004,0.597,0.393
376,93,-1060.000,10633.000,-1137.000,4.000,"D3DCOLOR_ARGB(0xff,0xff,0xff,0xff)",0.004,0.667,0.415
377,97,-1018.000,11057.000,-914.000,4.000,"D3DCOLOR_ARGB(0xff,0xff,0xff,0xff)",0.188,0.681,0.298
378,103,-955.000,10304.000,-884.000,4.000,"D3DCOLOR_ARGB(0xff,0xff,0xff,0xff)",0.035,0.593,0.506
379,98,-849.000,10223.000,-1057.000,4.000,"D3DCOLOR_ARGB(0xff,0xff,0xff,0xff)",0.086,0.685,0.580
380,93,-1060.000,10633.000,-1137.000,4.000,"D3DCOLOR_ARGB(0xff,0xff,0xff,0xff)",0.004,0.667,0.415
381,93,-1060.000,10633.000,-1137.000,4.000,"D3DCOLOR_ARGB(0xff,0xff,0xff,0xff)",0.004,0.667,0.415
382,102,-1040.000,10709.000,-882.000,4.000,"D3DCOLOR_ARGB(0xff,0xff,0xff,0xff)",0.004,0.597,0.393
383,103,-955.000,10304.000,-884.000,4.000,"D3DCOLOR_ARGB(0xff,0xff,0xff,0xff)",0.035,0.593,0.506
384,12,0.000,11161.000,-1359.000,4.000,"D3DCOLOR_ARGB(0xff,0xff,0xff,0xff)",0.502,0.986,0.271
385,21,0.000,11647.000,-1122.000,4.000,"D3DCOLOR_ARGB(0xff,0xff,0xff,0xff)",0.502,0.986,0.137
386,100,-250.000,11762.000,-981.000,4.000,"D3DCOLOR_ARGB(0xff,0xff,0xff,0xff)",0.369,0.910,0.106
387,104,-603.000,9688.000,-1227.000,4.000,"D3DCOLOR_ARGB(0xff,0xff,0xff,0xff)",0.141,0.759,0.718
388,105,-570.000,9213.000,-1212.000,4.000,"D3DCOLOR_ARGB(0xff,0xff,0xff,0xff)",0.129,0.764,0.824
389,106,-351.000,9126.000,-1347.000,4.000,"D3DCOLOR_ARGB(0xff,0xff,0xff,0xff)",0.306,0.880,0.829
390,104,-603.000,9688.000,-1227.000,4.000,"D3DCOLOR_ARGB(0xff,0xff,0xff,0xff)",0.141,0.759,0.718
391,99,-551.000,10134.000,-1379.000,4.000,"D3DCOLOR_ARGB(0xff,0xff,0xff,0xff)",0.275,0.797,0.596
392,98,-849.000,10223.000,-1057.000,4.000,"D3DCOLOR_ARGB(0xff,0xff,0xff,0xff)",0.086,0.685,0.580
393,101,-802.000,11514.000,-985.000,4.000,"D3DCOLOR_ARGB(0xff,0xff,0xff,0xff)",0.306,0.744,0.174
394,95,-742.000,11125.000,-1385.000,4.000,"D3DCOLOR_ARGB(0xff,0xff,0xff,0xff)",0.259,0.763,0.280
395,12,0.000,11161.000,-1359.000,4.000,"D3DCOLOR_ARGB(0xff,0xff,0xff,0xff)",0.502,0.986,0.271
396,101,-802.000,11514.000,-985.000,4.000,"D3DCOLOR_ARGB(0xff,0xff,0xff,0xff)",0.306,0.744,0.174
397,107,-1086.000,11622.000,-644.000,4.000,"D3DCOLOR_ARGB(0xff,0xff,0xff,0xff)",0.333,0.658,0.145
398,108,-1113.000,11409.000,-875.000,4.000,"D3DCOLOR_ARGB(0xff,0xff,0xff,0xff)",0.376,0.651,0.202
399,107,-1086.000,11622.000,-644.000,4.000,"D3DCOLOR_ARGB(0xff,0xff,0xff,0xff)",0.333,0.658,0.145
400,109,-1340.000,11471.000,-749.000,4.000,"D3DCOLOR_ARGB(0xff,0xff,0xff,0xff)",0.282,0.584,0.185
401,108,-1113.000,11409.000,-875.000,4.000,"D3DCOLOR_ARGB(0xff,0xff,0xff,0xff)",0.376,0.651,0.202
402,110,-1236.000,11272.000,-909.000,4.000,"D3DCOLOR_ARGB(0xff,0xff,0xff,0xff)",0.322,0.615,0.239
403,108,-1113.000,11409.000,-875.000,4.000,"D3DCOLOR_ARGB(0xff,0xff,0xff,0xff)",0.376,0.651,0.202
404,109,-1340.000,11471.000,-749.000,4.000,"D3DCOLOR_ARGB(0xff,0xff,0xff,0xff)",0.282,0.584,0.185
405,110,-1236.000,11272.000,-909.000,4.000,"D3DCOLOR_ARGB(0xff,0xff,0xff,0xff)",0.322,0.615,0.239
406,97,-1018.000,11057.000,-914.000,4.000,"D3DCOLOR_ARGB(0xff,0xff,0xff,0xff)",0.188,0.681,0.298
407,108,-1113.000,11409.000,-875.000,4.000,"D3DCOLOR_ARGB(0xff,0xff,0xff,0xff)",0.376,0.651,0.202
408,101,-802.000,11514.000,-985.000,4.000,"D3DCOLOR_ARGB(0xff,0xff,0xff,0xff)",0.306,0.744,0.174
409,108,-1113.000,11409.000,-875.000,4.000,"D3DCOLOR_ARGB(0xff,0xff,0xff,0xff)",0.376,0.651,0.202
410,97,-1018.000,11057.000,-914.000,4.000,"D3DCOLOR_ARGB(0xff,0xff,0xff,0xff)",0.188,0.681,0.298
411,97,-1018.000,11057.000,-914.000,4.000,"D3DCOLOR_ARGB(0xff,0xff,0xff,0xff)",0.188,0.681,0.298
412,95,-742.000,11125.000,-1385.000,4.000,"D3DCOLOR_ARGB(0xff,0xff,0xff,0xff)",0.259,0.763,0.280
413,101,-802.000,11514.000,-985.000,4.000,"D3DCOLOR_ARGB(0xff,0xff,0xff,0xff)",0.306,0.744,0.174
414,107,-1086.000,11622.000,-644.000,4.000,"D3DCOLOR_ARGB(0xff,0xff,0xff,0xff)",0.333,0.658,0.145
415,101,-802.000,11514.000,-985.000,4.000,"D3DCOLOR_ARGB(0xff,0xff,0xff,0xff)",0.306,0.744,0.174
416,86,-746.000,11800.000,-689.000,4.000,"D3DCOLOR_ARGB(0xff,0xff,0xff,0xff)",0.275,0.761,0.095
417,111,-1304.000,10933.000,-812.000,4.000,"D3DCOLOR_ARGB(0xff,0xff,0xff,0xff)",0.333,0.580,0.321
418,110,-1236.000,11272.000,-909.000,4.000,"D3DCOLOR_ARGB(0xff,0xff,0xff,0xff)",0.322,0.615,0.239
419,109,-1340.000,11471.000,-749.000,4.000,"D3DCOLOR_ARGB(0xff,0xff,0xff,0xff)",0.282,0.584,0.185
420,112,-1503.000,11630.000,-435.000,4.000,"D3DCOLOR_ARGB(0xff,0xff,0xff,0xff)",0.196,0.535,0.141
421,113,-1686.000,11277.000,-404.000,4.000,"D3DCOLOR_ARGB(0xff,0xff,0xff,0xff)",0.075,0.514,0.234
422,114,-1562.000,11176.000,-745.000,4.000,"D3DCOLOR_ARGB(0xff,0xff,0xff,0xff)",0.204,0.551,0.262
423,97,-1018.000,11057.000,-914.000,4.000,"D3DCOLOR_ARGB(0xff,0xff,0xff,0xff)",0.188,0.681,0.298
424,115,-1186.000,10691.000,-533.000,4.000,"D3DCOLOR_ARGB(0xff,0xff,0xff,0xff)",0.792,0.556,0.359
425,116,-1083.000,10783.000,-588.000,4.000,"D3DCOLOR_ARGB(0xff,0xff,0xff,0xff)",0.102,0.587,0.364
426,115,-1186.000,10691.000,-533.000,4.000,"D3DCOLOR_ARGB(0xff,0xff,0xff,0xff)",0.792,0.556,0.359
427,97,-1018.000,11057.000,-914.000,4.000,"D3DCOLOR_ARGB(0xff,0xff,0xff,0xff)",0.188,0.681,0.298
428,111,-1304.000,10933.000,-812.000,4.000,"D3DCOLOR_ARGB(0xff,0xff,0xff,0xff)",0.333,0.580,0.321
429,111,-1304.000,10933.000,-812.000,4.000,"D3DCOLOR_ARGB(0xff,0xff,0xff,0xff)",0.333,0.580,0.321
430,97,-1018.000,11057.000,-914.000,4.000,"D3DCOLOR_ARGB(0xff,0xff,0xff,0xff)",0.188,0.681,0.298
431,110,-1236.000,11272.000,-909.000,4.000,"D3DCOLOR_ARGB(0xff,0xff,0xff,0xff)",0.322,0.615,0.239
432,89,-357.000,11961.000,-752.000,4.000,"D3DCOLOR_ARGB(0xff,0xff,0xff,0xff)",0.325,0.878,0.051
433,86,-746.000,11800.000,-689.000,4.000,"D3DCOLOR_ARGB(0xff,0xff,0xff,0xff)",0.275,0.761,0.095
434,101,-802.000,11514.000,-985.000,4.000,"D3DCOLOR_ARGB(0xff,0xff,0xff,0xff)",0.306,0.744,0.174
435,101,-802.000,11514.000,-985.000,4.000,"D3DCOLOR_ARGB(0xff,0xff,0xff,0xff)",0.306,0.744,0.174
436,100,-250.000,11762.000,-981.000,4.000,"D3DCOLOR_ARGB(0xff,0xff,0xff,0xff)",0.369,0.910,0.106
437,89,-357.000,11961.000,-752.000,4.000,"D3DCOLOR_ARGB(0xff,0xff,0xff,0xff)",0.325,0.878,0.051
438,112,-1503.000,11630.000,-435.000,4.000,"D3DCOLOR_ARGB(0xff,0xff,0xff,0xff)",0.196,0.535,0.141
439,107,-1086.000,11622.000,-644.000,4.000,"D3DCOLOR_ARGB(0xff,0xff,0xff,0xff)",0.333,0.658,0.145
440,117,-1095.000,11767.000,-349.000,4.000,"D3DCOLOR_ARGB(0xff,0xff,0xff,0xff)",0.294,0.655,0.106
441,117,-1095.000,11767.000,-349.000,4.000,"D3DCOLOR_ARGB(0xff,0xff,0xff,0xff)",0.294,0.655,0.106
442,107,-1086.000,11622.000,-644.000,4.000,"D3DCOLOR_ARGB(0xff,0xff,0xff,0xff)",0.333,0.658,0.145
443,86,-746.000,11800.000,-689.000,4.000,"D3DCOLOR_ARGB(0xff,0xff,0xff,0xff)",0.275,0.761,0.095
444,118,-798.000,9773.000,-787.000,4.000,"D3DCOLOR_ARGB(0xff,0xff,0xff,0xff)",0.020,0.618,0.683
445,119,-790.000,9420.000,-815.000,4.000,"D3DCOLOR_ARGB(0xff,0xff,0xff,0xff)",0.012,0.609,0.802
446,105,-570.000,9213.000,-1212.000,4.000,"D3DCOLOR_ARGB(0xff,0xff,0xff,0xff)",0.129,0.764,0.824
447,118,-798.000,9773.000,-787.000,4.000,"D3DCOLOR_ARGB(0xff,0xff,0xff,0xff)",0.020,0.618,0.683
448,98,-849.000,10223.000,-1057.000,4.000,"D3DCOLOR_ARGB(0xff,0xff,0xff,0xff)",0.086,0.685,0.580
449,103,-955.000,10304.000,-884.000,4.000,"D3DCOLOR_ARGB(0xff,0xff,0xff,0xff)",0.035,0.593,0.506
450,104,-603.000,9688.000,-1227.000,4.000,"D3DCOLOR_ARGB(0xff,0xff,0xff,0xff)",0.141,0.759,0.718
451,118,-798.000,9773.000,-787.000,4.000,"D3DCOLOR_ARGB(0xff,0xff,0xff,0xff)",0.020,0.618,0.683
452,105,-570.000,9213.000,-1212.000,4.000,"D3DCOLOR_ARGB(0xff,0xff,0xff,0xff)",0.129,0.764,0.824
453,98,-849.000,10223.000,-1057.000,4.000,"D3DCOLOR_ARGB(0xff,0xff,0xff,0xff)",0.086,0.685,0.580
454,118,-798.000,9773.000,-787.000,4.000,"D3DCOLOR_ARGB(0xff,0xff,0xff,0xff)",0.020,0.618,0.683
455,104,-603.000,9688.000,-1227.000,4.000,"D3DCOLOR_ARGB(0xff,0xff,0xff,0xff)",0.141,0.759,0.718
456,40,0.000,9616.000,-1470.000,4.000,"D3DCOLOR_ARGB(0xff,0xff,0xff,0xff)",0.502,0.986,0.713
457,120,-333.000,9639.000,-1429.000,4.000,"D3DCOLOR_ARGB(0xff,0xff,0xff,0xff)",0.329,0.885,0.715
458,38,0.000,9063.000,-1408.000,4.000,"D3DCOLOR_ARGB(0xff,0xff,0xff,0xff)",0.502,0.986,0.846
459,99,-551.000,10134.000,-1379.000,4.000,"D3DCOLOR_ARGB(0xff,0xff,0xff,0xff)",0.275,0.797,0.596
460,121,-305.000,9846.000,-1466.000,4.000,"D3DCOLOR_ARGB(0xff,0xff,0xff,0xff)",0.318,0.894,0.658
461,41,0.000,9908.000,-1557.000,4.000,"D3DCOLOR_ARGB(0xff,0xff,0xff,0xff)",0.502,0.986,0.614
462,90,-672.000,10776.000,-1849.000,4.000,"D3DCOLOR_ARGB(0xff,0xff,0xff,0xff)",0.357,0.784,0.376
463,92,-613.000,10343.000,-1794.000,4.000,"D3DCOLOR_ARGB(0xff,0xff,0xff,0xff)",0.400,0.801,0.495
464,8,0.000,10321.000,-1726.000,4.000,"D3DCOLOR_ARGB(0xff,0xff,0xff,0xff)",0.502,0.986,0.501
465,43,0.000,10148.000,-1533.000,4.000,"D3DCOLOR_ARGB(0xff,0xff,0xff,0xff)",0.502,0.986,0.548
466,8,0.000,10321.000,-1726.000,4.000,"D3DCOLOR_ARGB(0xff,0xff,0xff,0xff)",0.502,0.986,0.501
467,92,-613.000,10343.000,-1794.000,4.000,"D3DCOLOR_ARGB(0xff,0xff,0xff,0xff)",0.400,0.801,0.495
468,92,-613.000,10343.000,-1794.000,4.000,"D3DCOLOR_ARGB(0xff,0xff,0xff,0xff)",0.400,0.801,0.495
469,99,-551.000,10134.000,-1379.000,4.000,"D3DCOLOR_ARGB(0xff,0xff,0xff,0xff)",0.275,0.797,0.596
470,43,0.000,10148.000,-1533.000,4.000,"D3DCOLOR_ARGB(0xff,0xff,0xff,0xff)",0.502,0.986,0.548
471,41,0.000,9908.000,-1557.000,4.000,"D3DCOLOR_ARGB(0xff,0xff,0xff,0xff)",0.502,0.986,0.614
472,43,0.000,10148.000,-1533.000,4.000,"D3DCOLOR_ARGB(0xff,0xff,0xff,0xff)",0.502,0.986,0.548
473,99,-551.000,10134.000,-1379.000,4.000,"D3DCOLOR_ARGB(0xff,0xff,0xff,0xff)",0.275,0.797,0.596
474,95,-742.000,11125.000,-1385.000,4.000,"D3DCOLOR_ARGB(0xff,0xff,0xff,0xff)",0.259,0.763,0.280
475,94,-1041.000,10755.000,-1526.000,4.000,"D3DCOLOR_ARGB(0xff,0xff,0xff,0xff)",0.055,0.711,0.386
476,90,-672.000,10776.000,-1849.000,4.000,"D3DCOLOR_ARGB(0xff,0xff,0xff,0xff)",0.357,0.784,0.376
477,94,-1041.000,10755.000,-1526.000,4.000,"D3DCOLOR_ARGB(0xff,0xff,0xff,0xff)",0.055,0.711,0.386
478,91,-965.000,10336.000,-1509.000,4.000,"D3DCOLOR_ARGB(0xff,0xff,0xff,0xff)",0.125,0.718,0.478
479,90,-672.000,10776.000,-1849.000,4.000,"D3DCOLOR_ARGB(0xff,0xff,0xff,0xff)",0.357,0.784,0.376
480,88,-755.000,11937.000,-401.000,4.000,"D3DCOLOR_ARGB(0xff,0xff,0xff,0xff)",0.286,0.759,0.058
481,117,-1095.000,11767.000,-349.000,4.000,"D3DCOLOR_ARGB(0xff,0xff,0xff,0xff)",0.294,0.655,0.106
482,86,-746.000,11800.000,-689.000,4.000,"D3DCOLOR_ARGB(0xff,0xff,0xff,0xff)",0.275,0.761,0.095
483,119,-790.000,9420.000,-815.000,4.000,"D3DCOLOR_ARGB(0xff,0xff,0xff,0xff)",0.012,0.609,0.802
484,122,-1108.000,8778.000,-759.000,4.000,"D3DCOLOR_ARGB(0xff,0xff,0xff,0xff)",0.071,0.597,0.922
485,105,-570.000,9213.000,-1212.000,4.000,"D3DCOLOR_ARGB(0xff,0xff,0xff,0xff)",0.129,0.764,0.824
486,105,-570.000,9213.000,-1212.000,4.000,"D3DCOLOR_ARGB(0xff,0xff,0xff,0xff)",0.129,0.764,0.824
487,122,-1108.000,8778.000,-759.000,4.000,"D3DCOLOR_ARGB(0xff,0xff,0xff,0xff)",0.071,0.597,0.922
488,123,-809.000,8666.000,-1324.000,4.000,"D3DCOLOR_ARGB(0xff,0xff,0xff,0xff)",0.298,0.726,0.955
489,123,-809.000,8666.000,-1324.000,4.000,"D3DCOLOR_ARGB(0xff,0xff,0xff,0xff)",0.298,0.726,0.955
490,38,0.000,9063.000,-1408.000,4.000,"D3DCOLOR_ARGB(0xff,0xff,0xff,0xff)",0.502,0.986,0.846
491,106,-351.000,9126.000,-1347.000,4.000,"D3DCOLOR_ARGB(0xff,0xff,0xff,0xff)",0.306,0.880,0.829
492,123,-809.000,8666.000,-1324.000,4.000,"D3DCOLOR_ARGB(0xff,0xff,0xff,0xff)",0.298,0.726,0.955
493,124,-306.000,8549.000,-1483.000,4.000,"D3DCOLOR_ARGB(0xff,0xff,0xff,0xff)",0.404,0.894,0.987
494,38,0.000,9063.000,-1408.000,4.000,"D3DCOLOR_ARGB(0xff,0xff,0xff,0xff)",0.502,0.986,0.846
495,38,0.000,9063.000,-1408.000,4.000,"D3DCOLOR_ARGB(0xff,0xff,0xff,0xff)",0.502,0.986,0.846
496,124,-306.000,8549.000,-1483.000,4.000,"D3DCOLOR_ARGB(0xff,0xff,0xff,0xff)",0.404,0.894,0.987
497,47,0.000,8504.000,-1543.000,4.000,"D3DCOLOR_ARGB(0xff,0xff,0xff,0xff)",0.502,0.986,1.000
498,109,-1340.000,11471.000,-749.000,4.000,"D3DCOLOR_ARGB(0xff,0xff,0xff,0xff)",0.282,0.584,0.185
499,107,-1086.000,11622.000,-644.000,4.000,"D3DCOLOR_ARGB(0xff,0xff,0xff,0xff)",0.333,0.658,0.145
500,112,-1503.000,11630.000,-435.000,4.000,"D3DCOLOR_ARGB(0xff,0xff,0xff,0xff)",0.196,0.535,0.141
501,111,-1304.000,10933.000,-812.000,4.000,"D3DCOLOR_ARGB(0xff,0xff,0xff,0xff)",0.333,0.580,0.321
502,109,-1340.000,11471.000,-749.000,4.000,"D3DCOLOR_ARGB(0xff,0xff,0xff,0xff)",0.282,0.584,0.185
503,114,-1562.000,11176.000,-745.000,4.000,"D3DCOLOR_ARGB(0xff,0xff,0xff,0xff)",0.204,0.551,0.262
504,114,-1562.000,11176.000,-745.000,4.000,"D3DCOLOR_ARGB(0xff,0xff,0xff,0xff)",0.204,0.551,0.262
505,109,-1340.000,11471.000,-749.000,4.000,"D3DCOLOR_ARGB(0xff,0xff,0xff,0xff)",0.282,0.584,0.185
506,112,-1503.000,11630.000,-435.000,4.000,"D3DCOLOR_ARGB(0xff,0xff,0xff,0xff)",0.196,0.535,0.141
507,125,-754.000,10753.000,70.000,4.000,"D3DCOLOR_ARGB(0xff,0xff,0xff,0xff)",0.314,0.221,0.346
508,49,0.000,11134.000,52.000,4.000,"D3DCOLOR_ARGB(0xff,0xff,0xff,0xff)",0.502,0.005,0.261
509,48,0.000,10692.000,65.000,4.000,"D3DCOLOR_ARGB(0xff,0xff,0xff,0xff)",0.502,0.005,0.373
510,49,0.000,11134.000,52.000,4.000,"D3DCOLOR_ARGB(0xff,0xff,0xff,0xff)",0.502,0.005,0.261
511,125,-754.000,10753.000,70.000,4.000,"D3DCOLOR_ARGB(0xff,0xff,0xff,0xff)",0.314,0.221,0.346
512,126,-683.000,11133.000,97.000,4.000,"D3DCOLOR_ARGB(0xff,0xff,0xff,0xff)",0.369,0.206,0.239
513,53,0.000,11750.000,-4.000,4.000,"D3DCOLOR_ARGB(0xff,0xff,0xff,0xff)",0.498,0.005,0.162
514,49,0.000,11134.000,52.000,4.000,"D3DCOLOR_ARGB(0xff,0xff,0xff,0xff)",0.502,0.005,0.261
515,127,-236.000,11736.000,9.000,4.000,"D3DCOLOR_ARGB(0xff,0xff,0xff,0xff)",0.459,0.055,0.166
516,128,-686.000,11695.000,-21.000,4.000,"D3DCOLOR_ARGB(0xff,0xff,0xff,0xff)",0.388,0.196,0.177
517,49,0.000,11134.000,52.000,4.000,"D3DCOLOR_ARGB(0xff,0xff,0xff,0xff)",0.502,0.005,0.261
518,126,-683.000,11133.000,97.000,4.000,"D3DCOLOR_ARGB(0xff,0xff,0xff,0xff)",0.369,0.206,0.239
519,49,0.000,11134.000,52.000,4.000,"D3DCOLOR_ARGB(0xff,0xff,0xff,0xff)",0.502,0.005,0.261
520,128,-686.000,11695.000,-21.000,4.000,"D3DCOLOR_ARGB(0xff,0xff,0xff,0xff)",0.388,0.196,0.177
521,127,-236.000,11736.000,9.000,4.000,"D3DCOLOR_ARGB(0xff,0xff,0xff,0xff)",0.459,0.055,0.166
522,129,-1012.000,11068.000,-119.000,4.000,"D3DCOLOR_ARGB(0xff,0xff,0xff,0xff)",0.537,0.307,0.238
523,126,-683.000,11133.000,97.000,4.000,"D3DCOLOR_ARGB(0xff,0xff,0xff,0xff)",0.369,0.206,0.239
524,125,-754.000,10753.000,70.000,4.000,"D3DCOLOR_ARGB(0xff,0xff,0xff,0xff)",0.314,0.221,0.346
525,130,-1083.000,10783.000,-588.000,4.000,"D3DCOLOR_ARGB(0xff,0xff,0xff,0xff)",0.102,0.401,0.325
526,125,-754.000,10753.000,70.000,4.000,"D3DCOLOR_ARGB(0xff,0xff,0xff,0xff)",0.314,0.221,0.346
527,131,-699.000,10312.000,-147.000,4.000,"D3DCOLOR_ARGB(0xff,0xff,0xff,0xff)",0.188,0.228,0.524
528,125,-754.000,10753.000,70.000,4.000,"D3DCOLOR_ARGB(0xff,0xff,0xff,0xff)",0.314,0.221,0.346
529,48,0.000,10692.000,65.000,4.000,"D3DCOLOR_ARGB(0xff,0xff,0xff,0xff)",0.502,0.005,0.373
530,58,0.000,10205.000,-135.000,4.000,"D3DCOLOR_ARGB(0xff,0xff,0xff,0xff)",0.502,0.005,0.551
531,131,-699.000,10312.000,-147.000,4.000,"D3DCOLOR_ARGB(0xff,0xff,0xff,0xff)",0.188,0.228,0.524
532,125,-754.000,10753.000,70.000,4.000,"D3DCOLOR_ARGB(0xff,0xff,0xff,0xff)",0.314,0.221,0.346
533,58,0.000,10205.000,-135.000,4.000,"D3DCOLOR_ARGB(0xff,0xff,0xff,0xff)",0.502,0.005,0.551
534,130,-1083.000,10783.000,-588.000,4.000,"D3DCOLOR_ARGB(0xff,0xff,0xff,0xff)",0.102,0.401,0.325
535,129,-1012.000,11068.000,-119.000,4.000,"D3DCOLOR_ARGB(0xff,0xff,0xff,0xff)",0.537,0.307,0.238
536,125,-754.000,10753.000,70.000,4.000,"D3DCOLOR_ARGB(0xff,0xff,0xff,0xff)",0.314,0.221,0.346
537,132,-1014.000,10378.000,-656.000,4.000,"D3DCOLOR_ARGB(0xff,0xff,0xff,0xff)",0.024,0.386,0.510
538,130,-1083.000,10783.000,-588.000,4.000,"D3DCOLOR_ARGB(0xff,0xff,0xff,0xff)",0.102,0.401,0.325
539,131,-699.000,10312.000,-147.000,4.000,"D3DCOLOR_ARGB(0xff,0xff,0xff,0xff)",0.188,0.228,0.524
540,62,0.000,9764.000,-282.000,4.000,"D3DCOLOR_ARGB(0xff,0xff,0xff,0xff)",0.502,0.005,0.749
541,61,0.000,9345.000,-217.000,4.000,"D3DCOLOR_ARGB(0xff,0xff,0xff,0xff)",0.502,0.005,0.832
542,133,-418.000,9344.000,-322.000,4.000,"D3DCOLOR_ARGB(0xff,0xff,0xff,0xff)",0.251,0.198,0.833
543,134,-525.000,9791.000,-327.000,4.000,"D3DCOLOR_ARGB(0xff,0xff,0xff,0xff)",0.251,0.204,0.742
544,131,-699.000,10312.000,-147.000,4.000,"D3DCOLOR_ARGB(0xff,0xff,0xff,0xff)",0.188,0.228,0.524
545,58,0.000,10205.000,-135.000,4.000,"D3DCOLOR_ARGB(0xff,0xff,0xff,0xff)",0.502,0.005,0.551
546,134,-525.000,9791.000,-327.000,4.000,"D3DCOLOR_ARGB(0xff,0xff,0xff,0xff)",0.251,0.204,0.742
547,133,-418.000,9344.000,-322.000,4.000,"D3DCOLOR_ARGB(0xff,0xff,0xff,0xff)",0.251,0.198,0.833
548,135,-790.000,9420.000,-815.000,4.000,"D3DCOLOR_ARGB(0xff,0xff,0xff,0xff)",0.012,0.344,0.844
549,134,-525.000,9791.000,-327.000,4.000,"D3DCOLOR_ARGB(0xff,0xff,0xff,0xff)",0.251,0.204,0.742
550,136,-798.000,9773.000,-787.000,4.000,"D3DCOLOR_ARGB(0xff,0xff,0xff,0xff)",0.020,0.344,0.701
551,131,-699.000,10312.000,-147.000,4.000,"D3DCOLOR_ARGB(0xff,0xff,0xff,0xff)",0.188,0.228,0.524
552,137,-979.000,11601.000,-63.000,4.000,"D3DCOLOR_ARGB(0xff,0xff,0xff,0xff)",0.404,0.323,0.131
553,138,-1244.000,11364.000,52.000,4.000,"D3DCOLOR_ARGB(0xff,0xff,0xff,0xff)",0.365,0.413,0.186
554,139,-1503.000,11630.000,-435.000,4.000,"D3DCOLOR_ARGB(0xff,0xff,0xff,0xff)",0.196,0.424,0.120
555,140,-1686.000,11277.000,-404.000,4.000,"D3DCOLOR_ARGB(0xff,0xff,0xff,0xff)",0.075,0.521,0.215
556,139,-1503.000,11630.000,-435.000,4.000,"D3DCOLOR_ARGB(0xff,0xff,0xff,0xff)",0.196,0.424,0.120
557,138,-1244.000,11364.000,52.000,4.000,"D3DCOLOR_ARGB(0xff,0xff,0xff,0xff)",0.365,0.413,0.186
558,129,-1012.000,11068.000,-119.000,4.000,"D3DCOLOR_ARGB(0xff,0xff,0xff,0xff)",0.537,0.307,0.238
559,141,-1211.000,10744.000,-131.000,4.000,"D3DCOLOR_ARGB(0xff,0xff,0xff,0xff)",0.820,0.419,0.299
560,142,-1455.000,10979.000,-24.000,4.000,"D3DCOLOR_ARGB(0xff,0xff,0xff,0xff)",0.459,0.469,0.270
561,129,-1012.000,11068.000,-119.000,4.000,"D3DCOLOR_ARGB(0xff,0xff,0xff,0xff)",0.537,0.307,0.238
562,130,-1083.000,10783.000,-588.000,4.000,"D3DCOLOR_ARGB(0xff,0xff,0xff,0xff)",0.102,0.401,0.325
563,143,-1186.000,10691.000,-533.000,4.000,"D3DCOLOR_ARGB(0xff,0xff,0xff,0xff)",0.792,0.414,0.316
564,143,-1186.000,10691.000,-533.000,4.000,"D3DCOLOR_ARGB(0xff,0xff,0xff,0xff)",0.792,0.414,0.316
565,141,-1211.000,10744.000,-131.000,4.000,"D3DCOLOR_ARGB(0xff,0xff,0xff,0xff)",0.820,0.419,0.299
566,129,-1012.000,11068.000,-119.000,4.000,"D3DCOLOR_ARGB(0xff,0xff,0xff,0xff)",0.537,0.307,0.238
567,128,-686.000,11695.000,-21.000,4.000,"D3DCOLOR_ARGB(0xff,0xff,0xff,0xff)",0.388,0.196,0.177
568,126,-683.000,11133.000,97.000,4.000,"D3DCOLOR_ARGB(0xff,0xff,0xff,0xff)",0.369,0.206,0.239
569,129,-1012.000,11068.000,-119.000,4.000,"D3DCOLOR_ARGB(0xff,0xff,0xff,0xff)",0.537,0.307,0.238
570,129,-1012.000,11068.000,-119.000,4.000,"D3DCOLOR_ARGB(0xff,0xff,0xff,0xff)",0.537,0.307,0.238
571,137,-979.000,11601.000,-63.000,4.000,"D3DCOLOR_ARGB(0xff,0xff,0xff,0xff)",0.404,0.323,0.131
572,128,-686.000,11695.000,-21.000,4.000,"D3DCOLOR_ARGB(0xff,0xff,0xff,0xff)",0.388,0.196,0.177
573,144,-755.000,11937.000,-401.000,4.000,"D3DCOLOR_ARGB(0xff,0xff,0xff,0xff)",0.286,0.292,0.067
574,128,-686.000,11695.000,-21.000,4.000,"D3DCOLOR_ARGB(0xff,0xff,0xff,0xff)",0.388,0.196,0.177
575,137,-979.000,11601.000,-63.000,4.000,"D3DCOLOR_ARGB(0xff,0xff,0xff,0xff)",0.404,0.323,0.131
576,137,-979.000,11601.000,-63.000,4.000,"D3DCOLOR_ARGB(0xff,0xff,0xff,0xff)",0.404,0.323,0.131
577,129,-1012.000,11068.000,-119.000,4.000,"D3DCOLOR_ARGB(0xff,0xff,0xff,0xff)",0.537,0.307,0.238
578,138,-1244.000,11364.000,52.000,4.000,"D3DCOLOR_ARGB(0xff,0xff,0xff,0xff)",0.365,0.413,0.186
579,140,-1686.000,11277.000,-404.000,4.000,"D3DCOLOR_ARGB(0xff,0xff,0xff,0xff)",0.075,0.521,0.215
580,138,-1244.000,11364.000,52.000,4.000,"D3DCOLOR_ARGB(0xff,0xff,0xff,0xff)",0.365,0.413,0.186
581,142,-1455.000,10979.000,-24.000,4.000,"D3DCOLOR_ARGB(0xff,0xff,0xff,0xff)",0.459,0.469,0.270
582,142,-1455.000,10979.000,-24.000,4.000,"D3DCOLOR_ARGB(0xff,0xff,0xff,0xff)",0.459,0.469,0.270
583,138,-1244.000,11364.000,52.000,4.000,"D3DCOLOR_ARGB(0xff,0xff,0xff,0xff)",0.365,0.413,0.186
584,129,-1012.000,11068.000,-119.000,4.000,"D3DCOLOR_ARGB(0xff,0xff,0xff,0xff)",0.537,0.307,0.238
585,136,-798.000,9773.000,-787.000,4.000,"D3DCOLOR_ARGB(0xff,0xff,0xff,0xff)",0.020,0.344,0.701
586,132,-1014.000,10378.000,-656.000,4.000,"D3DCOLOR_ARGB(0xff,0xff,0xff,0xff)",0.024,0.386,0.510
587,131,-699.000,10312.000,-147.000,4.000,"D3DCOLOR_ARGB(0xff,0xff,0xff,0xff)",0.188,0.228,0.524
588,135,-790.000,9420.000,-815.000,4.000,"D3DCOLOR_ARGB(0xff,0xff,0xff,0xff)",0.012,0.344,0.844
589,136,-798.000,9773.000,-787.000,4.000,"D3DCOLOR_ARGB(0xff,0xff,0xff,0xff)",0.020,0.344,0.701
590,134,-525.000,9791.000,-327.000,4.000,"D3DCOLOR_ARGB(0xff,0xff,0xff,0xff)",0.251,0.204,0.742
591,62,0.000,9764.000,-282.000,4.000,"D3DCOLOR_ARGB(0xff,0xff,0xff,0xff)",0.502,0.005,0.749
592,134,-525.000,9791.000,-327.000,4.000,"D3DCOLOR_ARGB(0xff,0xff,0xff,0xff)",0.251,0.204,0.742
593,58,0.000,10205.000,-135.000,4.000,"D3DCOLOR_ARGB(0xff,0xff,0xff,0xff)",0.502,0.005,0.551
594,133,-418.000,9344.000,-322.000,4.000,"D3DCOLOR_ARGB(0xff,0xff,0xff,0xff)",0.251,0.198,0.833
595,134,-525.000,9791.000,-327.000,4.000,"D3DCOLOR_ARGB(0xff,0xff,0xff,0xff)",0.251,0.204,0.742
596,62,0.000,9764.000,-282.000,4.000,"D3DCOLOR_ARGB(0xff,0xff,0xff,0xff)",0.502,0.005,0.749
597,139,-1503.000,11630.000,-435.000,4.000,"D3DCOLOR_ARGB(0xff,0xff,0xff,0xff)",0.196,0.424,0.120
598,145,-1095.000,11767.000,-349.000,4.000,"D3DCOLOR_ARGB(0xff,0xff,0xff,0xff)",0.294,0.352,0.089
599,137,-979.000,11601.000,-63.000,4.000,"D3DCOLOR_ARGB(0xff,0xff,0xff,0xff)",0.404,0.323,0.131
600,137,-979.000,11601.000,-63.000,4.000,"D3DCOLOR_ARGB(0xff,0xff,0xff,0xff)",0.404,0.323,0.131
601,145,-1095.000,11767.000,-349.000,4.000,"D3DCOLOR_ARGB(0xff,0xff,0xff,0xff)",0.294,0.352,0.089
602,144,-755.000,11937.000,-401.000,4.000,"D3DCOLOR_ARGB(0xff,0xff,0xff,0xff)",0.286,0.292,0.067
603,76,0.000,12165.000,-333.000,4.000,"D3DCOLOR_ARGB(0xff,0xff,0xff,0xff)",0.498,0.005,0.036
604,127,-236.000,11736.000,9.000,4.000,"D3DCOLOR_ARGB(0xff,0xff,0xff,0xff)",0.459,0.055,0.166
605,146,-246.000,12152.000,-416.000,4.000,"D3DCOLOR_ARGB(0xff,0xff,0xff,0xff)",0.369,0.133,0.033
606,127,-236.000,11736.000,9.000,4.000,"D3DCOLOR_ARGB(0xff,0xff,0xff,0xff)",0.459,0.055,0.166
607,76,0.000,12165.000,-333.000,4.000,"D3DCOLOR_ARGB(0xff,0xff,0xff,0xff)",0.498,0.005,0.036
608,53,0.000,11750.000,-4.000,4.000,"D3DCOLOR_ARGB(0xff,0xff,0xff,0xff)",0.498,0.005,0.162
609,146,-246.000,12152.000,-416.000,4.000,"D3DCOLOR_ARGB(0xff,0xff,0xff,0xff)",0.369,0.133,0.033
610,128,-686.000,11695.000,-21.000,4.000,"D3DCOLOR_ARGB(0xff,0xff,0xff,0xff)",0.388,0.196,0.177
611,144,-755.000,11937.000,-401.000,4.000,"D3DCOLOR_ARGB(0xff,0xff,0xff,0xff)",0.286,0.292,0.067
612,128,-686.000,11695.000,-21.000,4.000,"D3DCOLOR_ARGB(0xff,0xff,0xff,0xff)",0.388,0.196,0.177
613,146,-246.000,12152.000,-416.000,4.000,"D3DCOLOR_ARGB(0xff,0xff,0xff,0xff)",0.369,0.133,0.033
614,127,-236.000,11736.000,9.000,4.000,"D3DCOLOR_ARGB(0xff,0xff,0xff,0xff)",0.459,0.055,0.166
615,144,-755.000,11937.000,-401.000,4.000,"D3DCOLOR_ARGB(0xff,0xff,0xff,0xff)",0.286,0.292,0.067
616,147,-385.000,12145.000,-555.000,4.000,"D3DCOLOR_ARGB(0xff,0xff,0xff,0xff)",0.259,0.169,0.009
617,146,-246.000,12152.000,-416.000,4.000,"D3DCOLOR_ARGB(0xff,0xff,0xff,0xff)",0.369,0.133,0.033
618,135,-790.000,9420.000,-815.000,4.000,"D3DCOLOR_ARGB(0xff,0xff,0xff,0xff)",0.012,0.344,0.844
619,133,-418.000,9344.000,-322.000,4.000,"D3DCOLOR_ARGB(0xff,0xff,0xff,0xff)",0.251,0.198,0.833
620,148,-1108.000,8778.000,-759.000,4.000,"D3DCOLOR_ARGB(0xff,0xff,0xff,0xff)",0.071,0.418,0.956
621,94,-1041.000,10755.000,-1526.000,4.000,"D3DCOLOR_ARGB(0xff,0xff,0xff,0xff)",0.055,0.711,0.386
622,95,-742.000,11125.000,-1385.000,4.000,"D3DCOLOR_ARGB(0xff,0xff,0xff,0xff)",0.259,0.763,0.280
623,96,-956.000,10814.000,-1195.000,4.000,"D3DCOLOR_ARGB(0xff,0xff,0xff,0xff)",0.067,0.698,0.366
624,97,-1018.000,11057.000,-914.000,4.000,"D3DCOLOR_ARGB(0xff,0xff,0xff,0xff)",0.188,0.681,0.298
625,96,-956.000,10814.000,-1195.000,4.000,"D3DCOLOR_ARGB(0xff,0xff,0xff,0xff)",0.067,0.698,0.366
626,95,-742.000,11125.000,-1385.000,4.000,"D3DCOLOR_ARGB(0xff,0xff,0xff,0xff)",0.259,0.763,0.280
627,116,-1083.000,10783.000,-588.000,4.000,"D3DCOLOR_ARGB(0xff,0xff,0xff,0xff)",0.102,0.587,0.364
628,102,-1040.000,10709.000,-882.000,4.000,"D3DCOLOR_ARGB(0xff,0xff,0xff,0xff)",0.004,0.597,0.393
629,97,-1018.000,11057.000,-914.000,4.000,"D3DCOLOR_ARGB(0xff,0xff,0xff,0xff)",0.188,0.681,0.298
630,102,-1040.000,10709.000,-882.000,4.000,"D3DCOLOR_ARGB(0xff,0xff,0xff,0xff)",0.004,0.597,0.393
631,116,-1083.000,10783.000,-588.000,4.000,"D3DCOLOR_ARGB(0xff,0xff,0xff,0xff)",0.102,0.587,0.364
632,149,-1014.000,10378.000,-656.000,4.000,"D3DCOLOR_ARGB(0xff,0xff,0xff,0xff)",0.024,0.542,0.482
633,149,-1014.000,10378.000,-656.000,4.000,"D3DCOLOR_ARGB(0xff,0xff,0xff,0xff)",0.024,0.542,0.482
634,103,-955.000,10304.000,-884.000,4.000,"D3DCOLOR_ARGB(0xff,0xff,0xff,0xff)",0.035,0.593,0.506
635,102,-1040.000,10709.000,-882.000,4.000,"D3DCOLOR_ARGB(0xff,0xff,0xff,0xff)",0.004,0.597,0.393
636,118,-798.000,9773.000,-787.000,4.000,"D3DCOLOR_ARGB(0xff,0xff,0xff,0xff)",0.020,0.618,0.683
637,103,-955.000,10304.000,-884.000,4.000,"D3DCOLOR_ARGB(0xff,0xff,0xff,0xff)",0.035,0.593,0.506
638,149,-1014.000,10378.000,-656.000,4.000,"D3DCOLOR_ARGB(0xff,0xff,0xff,0xff)",0.024,0.542,0.482
639,40,0.000,9616.000,-1470.000,4.000,"D3DCOLOR_ARGB(0xff,0xff,0xff,0xff)",0.502,0.986,0.713
640,41,0.000,9908.000,-1557.000,4.000,"D3DCOLOR_ARGB(0xff,0xff,0xff,0xff)",0.502,0.986,0.614
641,121,-305.000,9846.000,-1466.000,4.000,"D3DCOLOR_ARGB(0xff,0xff,0xff,0xff)",0.318,0.894,0.658
642,40,0.000,9616.000,-1470.000,4.000,"D3DCOLOR_ARGB(0xff,0xff,0xff,0xff)",0.502,0.986,0.713
643,121,-305.000,9846.000,-1466.000,4.000,"D3DCOLOR_ARGB(0xff,0xff,0xff,0xff)",0.318,0.894,0.658
644,120,-333.000,9639.000,-1429.000,4.000,"D3DCOLOR_ARGB(0xff,0xff,0xff,0xff)",0.329,0.885,0.715
645,99,-551.000,10134.000,-1379.000,4.000,"D3DCOLOR_ARGB(0xff,0xff,0xff,0xff)",0.275,0.797,0.596
646,104,-603.000,9688.000,-1227.000,4.000,"D3DCOLOR_ARGB(0xff,0xff,0xff,0xff)",0.141,0.759,0.718
647,121,-305.000,9846.000,-1466.000,4.000,"D3DCOLOR_ARGB(0xff,0xff,0xff,0xff)",0.318,0.894,0.658
648,120,-333.000,9639.000,-1429.000,4.000,"D3DCOLOR_ARGB(0xff,0xff,0xff,0xff)",0.329,0.885,0.715
649,121,-305.000,9846.000,-1466.000,4.000,"D3DCOLOR_ARGB(0xff,0xff,0xff,0xff)",0.318,0.894,0.658
650,104,-603.000,9688.000,-1227.000,4.000,"D3DCOLOR_ARGB(0xff,0xff,0xff,0xff)",0.141,0.759,0.718
651,120,-333.000,9639.000,-1429.000,4.000,"D3DCOLOR_ARGB(0xff,0xff,0xff,0xff)",0.329,0.885,0.715
652,106,-351.000,9126.000,-1347.000,4.000,"D3DCOLOR_ARGB(0xff,0xff,0xff,0xff)",0.306,0.880,0.829
653,38,0.000,9063.000,-1408.000,4.000,"D3DCOLOR_ARGB(0xff,0xff,0xff,0xff)",0.502,0.986,0.846
654,120,-333.000,9639.000,-1429.000,4.000,"D3DCOLOR_ARGB(0xff,0xff,0xff,0xff)",0.329,0.885,0.715
655,104,-603.000,9688.000,-1227.000,4.000,"D3DCOLOR_ARGB(0xff,0xff,0xff,0xff)",0.141,0.759,0.718
656,106,-351.000,9126.000,-1347.000,4.000,"D3DCOLOR_ARGB(0xff,0xff,0xff,0xff)",0.306,0.880,0.829
657,123,-809.000,8666.000,-1324.000,4.000,"D3DCOLOR_ARGB(0xff,0xff,0xff,0xff)",0.298,0.726,0.955
658,106,-351.000,9126.000,-1347.000,4.000,"D3DCOLOR_ARGB(0xff,0xff,0xff,0xff)",0.306,0.880,0.829
659,105,-570.000,9213.000,-1212.000,4.000,"D3DCOLOR_ARGB(0xff,0xff,0xff,0xff)",0.129,0.764,0.824
660,150,-613.000,8967.000,-126.000,4.000,"D3DCOLOR_ARGB(0xff,0xff,0xff,0xff)",0.220,0.213,0.892
661,151,-1108.000,8778.000,-759.000,4.000,"D3DCOLOR_ARGB(0xff,0xff,0xff,0xff)",0.071,0.418,0.956
662,152,-418.000,9344.000,-322.000,4.000,"D3DCOLOR_ARGB(0xff,0xff,0xff,0xff)",0.251,0.198,0.832
663,152,-418.000,9344.000,-322.000,4.000,"D3DCOLOR_ARGB(0xff,0xff,0xff,0xff)",0.251,0.198,0.832
664,153,-415.000,8986.000,-37.000,4.000,"D3DCOLOR_ARGB(0xff,0xff,0xff,0xff)",0.412,0.165,0.907
665,150,-613.000,8967.000,-126.000,4.000,"D3DCOLOR_ARGB(0xff,0xff,0xff,0xff)",0.220,0.213,0.892
666,153,-415.000,8986.000,-37.000,4.000,"D3DCOLOR_ARGB(0xff,0xff,0xff,0xff)",0.412,0.165,0.907
667,152,-418.000,9344.000,-322.000,4.000,"D3DCOLOR_ARGB(0xff,0xff,0xff,0xff)",0.251,0.198,0.832
668,84,0.000,9345.000,-217.000,4.000,"D3DCOLOR_ARGB(0xff,0xff,0xff,0xff)",0.502,0.004,0.832
669,84,0.000,9345.000,-217.000,4.000,"D3DCOLOR_ARGB(0xff,0xff,0xff,0xff)",0.502,0.004,0.832
670,85,0.000,8956.000,-54.000,4.000,"D3DCOLOR_ARGB(0xff,0xff,0xff,0xff)",0.502,0.003,0.928
671,153,-415.000,8986.000,-37.000,4.000,"D3DCOLOR_ARGB(0xff,0xff,0xff,0xff)",0.412,0.165,0.907
